Animals & Pet Supplies,,,,,,
Animals & Pet Supplies,Live Animals,,,,,
Animals & Pet Supplies,Pet Supplies,,,,,
Animals & Pet Supplies,Pet Supplies,Bird Supplies,,,,
Animals & Pet Supplies,Pet Supplies,Bird Supplies,Bird Cages & Stands,,,
Animals & Pet Supplies,Pet Supplies,Bird Supplies,Bird Food,,,
Animals & Pet Supplies,Pet Supplies,Bird Supplies,Bird Ladders & Perches,,,
Animals & Pet Supplies,Pet Supplies,Bird Supplies,Bird Toys,,,
Animals & Pet Supplies,Pet Supplies,Bird Supplies,Bird Treats,,,
Animals & Pet Supplies,Pet Supplies,Cat Supplies,,,,
Animals & Pet Supplies,Pet Supplies,Cat Supplies,Cat Apparel,,,
Animals & Pet Supplies,Pet Supplies,Cat Supplies,Cat Beds,,,
Animals & Pet Supplies,Pet Supplies,Cat Supplies,Cat Food,,,
Animals & Pet Supplies,Pet Supplies,Cat Supplies,Cat Furniture,,,
Animals & Pet Supplies,Pet Supplies,Cat Supplies,Cat Litter,,,
Animals & Pet Supplies,Pet Supplies,Cat Supplies,Cat Litter Boxes,,,
Animals & Pet Supplies,Pet Supplies,Cat Supplies,Cat Toys,,,
Animals & Pet Supplies,Pet Supplies,Cat Supplies,Cat Treats,,,
Animals & Pet Supplies,Pet Supplies,Dog Supplies,,,,
Animals & Pet Supplies,Pet Supplies,Dog Supplies,Dog Apparel,,,
Animals & Pet Supplies,Pet Supplies,Dog Supplies,Dog Beds,,,
Animals & Pet Supplies,Pet Supplies,Dog Supplies,Dog Food,,,
Animals & Pet Supplies,Pet Supplies,Dog Supplies,Dog Houses,,,
Animals & Pet Supplies,Pet Supplies,Dog Supplies,Dog Toys,,,
Animals & Pet Supplies,Pet Supplies,Dog Supplies,Dog Treats,,,
Animals & Pet Supplies,Pet Supplies,Fish Supplies,,,,
Animals & Pet Supplies,Pet Supplies,Fish Supplies,Aquarium Air Pumps,,,
Animals & Pet Supplies,Pet Supplies,Fish Supplies,Aquarium Decor,,,
Animals & Pet Supplies,Pet Supplies,Fish Supplies,Aquarium Decor,Artificial Aquarium Plants,,
Animals & Pet Supplies,Pet Supplies,Fish Supplies,Aquarium Filters,,,
Animals & Pet Supplies,Pet Supplies,Fish Supplies,Aquarium Gravel & Substrates,,,
Animals & Pet Supplies,Pet Supplies,Fish Supplies,Aquarium Heating,,,
Animals & Pet Supplies,Pet Supplies,Fish Supplies,Aquarium Lighting,,,
Animals & Pet Supplies,Pet Supplies,Fish Supplies,Aquarium Overflow Boxes,,,
Animals & Pet Supplies,Pet Supplies,Fish Supplies,Aquarium Stands,,,
Animals & Pet Supplies,Pet Supplies,Fish Supplies,Aquarium Water Pumps,,,
Animals & Pet Supplies,Pet Supplies,Fish Supplies,Aquarium Water Treatments,,,
Animals & Pet Supplies,Pet Supplies,Fish Supplies,Aquariums,,,
Animals & Pet Supplies,Pet Supplies,Fish Supplies,Aquatic Plant Fertilizers,,,
Animals & Pet Supplies,Pet Supplies,Fish Supplies,Fish Feeders,,,
Animals & Pet Supplies,Pet Supplies,Fish Supplies,Fish Food,,,
Animals & Pet Supplies,Pet Supplies,Pet Agility Equipment,,,,
Animals & Pet Supplies,Pet Supplies,Pet Apparel Hangers,,,,
Animals & Pet Supplies,Pet Supplies,Pet Bandages & Tapes,,,,
Animals & Pet Supplies,Pet Supplies,Pet Bells & Charms,,,,
Animals & Pet Supplies,Pet Supplies,Pet Biometric Monitors,,,,
Animals & Pet Supplies,Pet Supplies,Pet Biometric Monitors,Pet Glucose Meters,,,
Animals & Pet Supplies,Pet Supplies,Pet Biometric Monitors,Pet Pedometers,,,
Animals & Pet Supplies,Pet Supplies,Pet Biometric Monitors,Pet Scales,,,
Animals & Pet Supplies,Pet Supplies,Pet Biometric Monitors,Pet Thermometers,,,
Animals & Pet Supplies,Pet Supplies,"Pet Bowls, Feeders & Waterers",,,,
Animals & Pet Supplies,Pet Supplies,"Pet Bowls, Feeders & Waterers","Cat Bowls, Feeders & Waterers",,,
Animals & Pet Supplies,Pet Supplies,"Pet Bowls, Feeders & Waterers","Dog Bowls, Feeders & Waterers",,,
Animals & Pet Supplies,Pet Supplies,"Pet Bowls, Feeders & Waterers","Small Animal Bowls, Feeders & Waterers",,,
Animals & Pet Supplies,Pet Supplies,Pet Carriers & Crates,,,,
Animals & Pet Supplies,Pet Supplies,Pet Carriers & Crates,Cat Carriers & Crates,,,
Animals & Pet Supplies,Pet Supplies,Pet Carriers & Crates,Dog Carriers & Crates,,,
Animals & Pet Supplies,Pet Supplies,Pet Carriers & Crates,Small Animal Carriers,,,
Animals & Pet Supplies,Pet Supplies,Pet Collars & Harnesses,,,,
Animals & Pet Supplies,Pet Supplies,Pet Collars & Harnesses,Cat Collars & Harnesses,,,
Animals & Pet Supplies,Pet Supplies,Pet Collars & Harnesses,Dog Collars & Harnesses,,,
Animals & Pet Supplies,Pet Supplies,Pet Containment Systems,,,,
Animals & Pet Supplies,Pet Supplies,Pet Flea & Tick Control,,,,
Animals & Pet Supplies,Pet Supplies,Pet Flea & Tick Control,Cat Flea & Tick Control,,,
Animals & Pet Supplies,Pet Supplies,Pet Flea & Tick Control,Dog Flea & Tick Control,,,
Animals & Pet Supplies,Pet Supplies,Pet Food Containers,,,,
Animals & Pet Supplies,Pet Supplies,Pet Food Scoops,,,,
Animals & Pet Supplies,Pet Supplies,Pet Grooming Supplies,,,,
Animals & Pet Supplies,Pet Supplies,Pet Grooming Supplies,Pet Clippers & Trimmers,,,
Animals & Pet Supplies,Pet Supplies,Pet Grooming Supplies,Pet Combs & Brushes,,,
Animals & Pet Supplies,Pet Supplies,Pet Grooming Supplies,Pet Shampoo & Conditioner,,,
Animals & Pet Supplies,Pet Supplies,Pet ID Tags,,,,
Animals & Pet Supplies,Pet Supplies,Pet Leash Extensions,,,,
Animals & Pet Supplies,Pet Supplies,Pet Leashes,,,,
Animals & Pet Supplies,Pet Supplies,Pet Leashes,Cat Leashes,,,
Animals & Pet Supplies,Pet Supplies,Pet Leashes,Dog Leashes,,,
Animals & Pet Supplies,Pet Supplies,Pet Medical Collars,,,,
Animals & Pet Supplies,Pet Supplies,Pet Medicine,,,,
Animals & Pet Supplies,Pet Supplies,Pet Muzzles,,,,
Animals & Pet Supplies,Pet Supplies,Pet Playpens,,,,
Animals & Pet Supplies,Pet Supplies,Pet Steps,,,,
Animals & Pet Supplies,Pet Supplies,Pet Strollers,,,,
Animals & Pet Supplies,Pet Supplies,Pet Training Pads,,,,
Animals & Pet Supplies,Pet Supplies,Pet Vitamins & Supplements,,,,
Animals & Pet Supplies,Pet Supplies,Reptile & Amphibian Supplies,,,,
Animals & Pet Supplies,Pet Supplies,Reptile & Amphibian Supplies,Reptile & Amphibian Food,,,
Animals & Pet Supplies,Pet Supplies,Reptile & Amphibian Supplies,Reptile & Amphibian Habitat Accessories,,,
Animals & Pet Supplies,Pet Supplies,Reptile & Amphibian Supplies,Reptile & Amphibian Habitat Heating & Lighting,,,
Animals & Pet Supplies,Pet Supplies,Reptile & Amphibian Supplies,Reptile & Amphibian Habitats,,,
Animals & Pet Supplies,Pet Supplies,Reptile & Amphibian Supplies,Reptile & Amphibian Substrates,,,
Animals & Pet Supplies,Pet Supplies,Small Animal Supplies,,,,
Animals & Pet Supplies,Pet Supplies,Small Animal Supplies,Small Animal Bedding,,,
Animals & Pet Supplies,Pet Supplies,Small Animal Supplies,Small Animal Food,,,
Animals & Pet Supplies,Pet Supplies,Small Animal Supplies,Small Animal Habitat Accessories,,,
Animals & Pet Supplies,Pet Supplies,Small Animal Supplies,Small Animal Habitats & Cages,,,
Apparel & Accessories,,,,,,
Apparel & Accessories,Clothing,,,,,
Apparel & Accessories,Clothing,Activewear,,,,
Apparel & Accessories,Clothing,Activewear,Active Dresses,,,
Apparel & Accessories,Clothing,Activewear,Active Jackets,,,
Apparel & Accessories,Clothing,Activewear,Active Jackets,Windbreakers,,
Apparel & Accessories,Clothing,Activewear,Active Leotards,,,
Apparel & Accessories,Clothing,Activewear,Active Pants,,,
Apparel & Accessories,Clothing,Activewear,Active Shirts,,,
Apparel & Accessories,Clothing,Activewear,Active Shorts,,,
Apparel & Accessories,Clothing,Activewear,Active Skirts,,,
Apparel & Accessories,Clothing,Activewear,Active Tanks,,,
Apparel & Accessories,Clothing,Activewear,Active Undergarments,,,
Apparel & Accessories,Clothing,Activewear,Active Undergarments,Active Underwear,,
Apparel & Accessories,Clothing,Activewear,Active Undergarments,Compression Undergarment Shorts,,
Apparel & Accessories,Clothing,Activewear,Active Undergarments,Jock Straps,,
Apparel & Accessories,Clothing,Activewear,Active Undergarments,Sports Bras,,
Apparel & Accessories,Clothing,Activewear,Bicycle Activewear,,,
Apparel & Accessories,Clothing,Activewear,Bicycle Activewear,Bicycle Bibs,,
Apparel & Accessories,Clothing,Activewear,Bicycle Activewear,Bicycle Jerseys,,
Apparel & Accessories,Clothing,Activewear,Bicycle Activewear,Bicycle Shorts,,
Apparel & Accessories,Clothing,Activewear,Bicycle Activewear,Bicycle Skinsuits,,
Apparel & Accessories,Clothing,Activewear,Bicycle Activewear,Bicycle Tights,,
Apparel & Accessories,Clothing,Activewear,Boxing Shorts,,,
Apparel & Accessories,Clothing,Activewear,Dancewear,,,
Apparel & Accessories,Clothing,Activewear,Dancewear,Dance Dresses,,
Apparel & Accessories,Clothing,Activewear,Dancewear,Dance Pants,,
Apparel & Accessories,Clothing,Activewear,Dancewear,Dance Skirts,,
Apparel & Accessories,Clothing,Activewear,Dancewear,Dance Tops,,
Apparel & Accessories,Clothing,Activewear,Football Pants,,,
Apparel & Accessories,Clothing,Activewear,Hunting Clothing,,,
Apparel & Accessories,Clothing,Activewear,Hunting Clothing,Ghillie Suits,,
Apparel & Accessories,Clothing,Activewear,Hunting Clothing,Hunting & Tactical Pants,,
Apparel & Accessories,Clothing,Activewear,Hunting Clothing,Hunting & Tactical Vests,,
Apparel & Accessories,Clothing,Activewear,Long Johns,,,
Apparel & Accessories,Clothing,Activewear,Martial Arts Shorts,,,
Apparel & Accessories,Clothing,Activewear,Motorcycle Protective Clothing,,,
Apparel & Accessories,Clothing,Activewear,Motorcycle Protective Clothing,Motorcycle Jackets,,
Apparel & Accessories,Clothing,Activewear,Motorcycle Protective Clothing,Motorcycle Pants,,
Apparel & Accessories,Clothing,Activewear,Motorcycle Protective Clothing,Motorcycle Suits,,
Apparel & Accessories,Clothing,Activewear,Paintball Clothing,,,
Apparel & Accessories,Clothing,Activewear,Sauna Suits,,,
Apparel & Accessories,Clothing,Activewear,Snow Pants & Suits,,,
Apparel & Accessories,Clothing,Baby & Toddler Clothing,,,,
Apparel & Accessories,Clothing,Baby & Toddler Clothing,Baby & Toddler Bottoms,,,
Apparel & Accessories,Clothing,Baby & Toddler Clothing,Baby & Toddler Diaper Covers,,,
Apparel & Accessories,Clothing,Baby & Toddler Clothing,Baby & Toddler Dresses,,,
Apparel & Accessories,Clothing,Baby & Toddler Clothing,Baby & Toddler Outerwear,,,
Apparel & Accessories,Clothing,Baby & Toddler Clothing,Baby & Toddler Outfits,,,
Apparel & Accessories,Clothing,Baby & Toddler Clothing,Baby & Toddler Socks & Tights,,,
Apparel & Accessories,Clothing,Baby & Toddler Clothing,Baby & Toddler Swimwear,,,
Apparel & Accessories,Clothing,Baby & Toddler Clothing,Baby & Toddler Tops,,,
Apparel & Accessories,Clothing,Baby & Toddler Clothing,Baby Onesies,,,
Apparel & Accessories,Clothing,Baby & Toddler Clothing,Baby Sleepwear & Swaddlers,,,
Apparel & Accessories,Clothing,Baby & Toddler Clothing,Toddler Underwear,,,
Apparel & Accessories,Clothing,Dresses,,,,
Apparel & Accessories,Clothing,Dresses,Cocktail Dresses,,,
Apparel & Accessories,Clothing,Dresses,Day Dresses,,,
Apparel & Accessories,Clothing,Dresses,Formal Gowns,,,
Apparel & Accessories,Clothing,Dresses,Little Black Dresses,,,
Apparel & Accessories,Clothing,One-pieces,,,,
Apparel & Accessories,Clothing,One-pieces,Jumpsuits & Rompers,,,
Apparel & Accessories,Clothing,One-pieces,Leotards & Unitards,,,
Apparel & Accessories,Clothing,Outerwear,,,,
Apparel & Accessories,Clothing,Outerwear,Chaps,,,
Apparel & Accessories,Clothing,Outerwear,Coats & Jackets,,,
Apparel & Accessories,Clothing,Outerwear,Coats & Jackets,Anorak Jackets,,
Apparel & Accessories,Clothing,Outerwear,Coats & Jackets,Blazers,,
Apparel & Accessories,Clothing,Outerwear,Coats & Jackets,Boleros,,
Apparel & Accessories,Clothing,Outerwear,Coats & Jackets,Capes & Ponchos,,
Apparel & Accessories,Clothing,Outerwear,Coats & Jackets,Denim Jackets,,
Apparel & Accessories,Clothing,Outerwear,Coats & Jackets,Down & Snow Jackets,,
Apparel & Accessories,Clothing,Outerwear,Coats & Jackets,Fleece Jackets,,
Apparel & Accessories,Clothing,Outerwear,Coats & Jackets,Fur Coats,,
Apparel & Accessories,Clothing,Outerwear,Coats & Jackets,Leather & Suede Jackets,,
Apparel & Accessories,Clothing,Outerwear,Coats & Jackets,Overcoats,,
Apparel & Accessories,Clothing,Outerwear,Coats & Jackets,Trench Coats,,
Apparel & Accessories,Clothing,Outerwear,Coats & Jackets,Tweed Jackets,,
Apparel & Accessories,Clothing,Outerwear,Coats & Jackets,Varsity Jackets,,
Apparel & Accessories,Clothing,Outerwear,Rain Gear,,,
Apparel & Accessories,Clothing,Outerwear,Rain Gear,Rain Pants,,
Apparel & Accessories,Clothing,Outerwear,Rain Gear,Rain Suits,,
Apparel & Accessories,Clothing,Outerwear,Rain Gear,Raincoats,,
Apparel & Accessories,Clothing,Outerwear,Vests,,,
Apparel & Accessories,Clothing,Pants,,,,
Apparel & Accessories,Clothing,Pants,Cargo Pants,,,
Apparel & Accessories,Clothing,Pants,Corduroy Pants,,,
Apparel & Accessories,Clothing,Pants,Dress Pants,,,
Apparel & Accessories,Clothing,Pants,Jeans,,,
Apparel & Accessories,Clothing,Pants,Khaki & Chino Pants,,,
Apparel & Accessories,Clothing,Pants,Leather & Suede Pants,,,
Apparel & Accessories,Clothing,Pants,Leggings,,,
Apparel & Accessories,Clothing,Pants,Linen Pants,,,
Apparel & Accessories,Clothing,Shirts & Tops,,,,
Apparel & Accessories,Clothing,Shirts & Tops,Camisoles & Tank Tops,,,
Apparel & Accessories,Clothing,Shirts & Tops,Polo Shirts,,,
Apparel & Accessories,Clothing,Shirts & Tops,Shirts & Blouses,,,
Apparel & Accessories,Clothing,Shirts & Tops,Sports Fan Jerseys,,,
Apparel & Accessories,Clothing,Shirts & Tops,Sweaters & Cardigans,,,
Apparel & Accessories,Clothing,Shirts & Tops,Sweatshirts,,,
Apparel & Accessories,Clothing,Shirts & Tops,T-Shirts,,,
Apparel & Accessories,Clothing,Shorts,,,,
Apparel & Accessories,Clothing,Shorts,Bermuda Shorts,,,
Apparel & Accessories,Clothing,Shorts,Cargo Shorts,,,
Apparel & Accessories,Clothing,Shorts,Short Shorts,,,
Apparel & Accessories,Clothing,Skirts,,,,
Apparel & Accessories,Clothing,Skorts,,,,
Apparel & Accessories,Clothing,Sleepwear & Loungewear,,,,
Apparel & Accessories,Clothing,Sleepwear & Loungewear,Loungewear,,,
Apparel & Accessories,Clothing,Sleepwear & Loungewear,Nightgowns,,,
Apparel & Accessories,Clothing,Sleepwear & Loungewear,Pajamas,,,
Apparel & Accessories,Clothing,Sleepwear & Loungewear,Robes,,,
Apparel & Accessories,Clothing,Suits,,,,
Apparel & Accessories,Clothing,Suits,Pant Suits,,,
Apparel & Accessories,Clothing,Suits,Skirt Suits,,,
Apparel & Accessories,Clothing,Suits,Suit Separates,,,
Apparel & Accessories,Clothing,Suits,Tuxedos,,,
Apparel & Accessories,Clothing,Swimwear,,,,
Apparel & Accessories,Clothing,Swimwear,Bikinis,,,
Apparel & Accessories,Clothing,Swimwear,Cover-Ups,,,
Apparel & Accessories,Clothing,Swimwear,One-Piece Swimsuits,,,
Apparel & Accessories,Clothing,Swimwear,Swim Briefs,,,
Apparel & Accessories,Clothing,Swimwear,Swim Shorts,,,
Apparel & Accessories,Clothing,Swimwear,Swimsuit Bottoms,,,
Apparel & Accessories,Clothing,Swimwear,Swimsuit Tops,,,
Apparel & Accessories,Clothing,Swimwear,Tankinis,,,
Apparel & Accessories,Clothing,Traditional & Ceremonial Clothing,,,,
Apparel & Accessories,Clothing,Traditional & Ceremonial Clothing,Dirndls,,,
Apparel & Accessories,Clothing,Traditional & Ceremonial Clothing,Hakama Trousers,,,
Apparel & Accessories,Clothing,Traditional & Ceremonial Clothing,Kimono Outerwear,,,
Apparel & Accessories,Clothing,Traditional & Ceremonial Clothing,Kimono Outerwear,Haori Jackets,,
Apparel & Accessories,Clothing,Traditional & Ceremonial Clothing,Kimono Outerwear,Kimono Coats,,
Apparel & Accessories,Clothing,Traditional & Ceremonial Clothing,Kimonos,,,
Apparel & Accessories,Clothing,Traditional & Ceremonial Clothing,Kimonos,Bridal Kimonos,,
Apparel & Accessories,Clothing,Traditional & Ceremonial Clothing,Kimonos,Casual Kimonos,,
Apparel & Accessories,Clothing,Traditional & Ceremonial Clothing,Kimonos,Furisode Kimonos,,
Apparel & Accessories,Clothing,Traditional & Ceremonial Clothing,Kimonos,Iromuji Kimonos,,
Apparel & Accessories,Clothing,Traditional & Ceremonial Clothing,Kimonos,Komon Kimonos,,
Apparel & Accessories,Clothing,Traditional & Ceremonial Clothing,Kimonos,Tomesode & Houmongi Kimonos,,
Apparel & Accessories,Clothing,Traditional & Ceremonial Clothing,Religious Ceremonial Clothing,,,
Apparel & Accessories,Clothing,Traditional & Ceremonial Clothing,Yukata,,,
Apparel & Accessories,Clothing,Underwear & Socks,,,,
Apparel & Accessories,Clothing,Underwear & Socks,Bras,,,
Apparel & Accessories,Clothing,Underwear & Socks,Bras,Nursing Bras,,
Apparel & Accessories,Clothing,Underwear & Socks,Bridal Intimates,,,
Apparel & Accessories,Clothing,Underwear & Socks,Hosiery,,,
Apparel & Accessories,Clothing,Underwear & Socks,Lingerie,,,
Apparel & Accessories,Clothing,Underwear & Socks,Lingerie Accessories,,,
Apparel & Accessories,Clothing,Underwear & Socks,Lingerie Accessories,Garter Belts,,
Apparel & Accessories,Clothing,Underwear & Socks,Lingerie Accessories,Garters,,
Apparel & Accessories,Clothing,Underwear & Socks,Petticoats & Pettipants,,,
Apparel & Accessories,Clothing,Underwear & Socks,Shapewear,,,
Apparel & Accessories,Clothing,Underwear & Socks,Socks,,,
Apparel & Accessories,Clothing,Underwear & Socks,Undershirts,,,
Apparel & Accessories,Clothing,Underwear & Socks,Underwear,,,
Apparel & Accessories,Clothing,Underwear & Socks,Underwear Slips,,,
Apparel & Accessories,Clothing,Uniforms,,,,
Apparel & Accessories,Clothing,Uniforms,Chef's Jackets,,,
Apparel & Accessories,Clothing,Uniforms,Contractor Pants & Coveralls,,,
Apparel & Accessories,Clothing,Uniforms,Flight Suits,,,
Apparel & Accessories,Clothing,Uniforms,Military Uniforms,,,
Apparel & Accessories,Clothing,Uniforms,School Uniforms,,,
Apparel & Accessories,Clothing,Uniforms,Security Uniforms,,,
Apparel & Accessories,Clothing,Uniforms,Sports Uniforms,,,
Apparel & Accessories,Clothing,Uniforms,Sports Uniforms,Baseball Uniforms,,
Apparel & Accessories,Clothing,Uniforms,Sports Uniforms,Basketball Uniforms,,
Apparel & Accessories,Clothing,Uniforms,Sports Uniforms,Cheerleading Uniforms,,
Apparel & Accessories,Clothing,Uniforms,Sports Uniforms,Cricket Uniforms,,
Apparel & Accessories,Clothing,Uniforms,Sports Uniforms,Football Uniforms,,
Apparel & Accessories,Clothing,Uniforms,Sports Uniforms,Hockey Uniforms,,
Apparel & Accessories,Clothing,Uniforms,Sports Uniforms,Martial Arts Uniforms,,
Apparel & Accessories,Clothing,Uniforms,Sports Uniforms,Officiating Uniforms,,
Apparel & Accessories,Clothing,Uniforms,Sports Uniforms,Soccer Uniforms,,
Apparel & Accessories,Clothing,Uniforms,Sports Uniforms,Softball Uniforms,,
Apparel & Accessories,Clothing,Uniforms,Sports Uniforms,Wrestling Uniforms,,
Apparel & Accessories,Clothing,Uniforms,White Coats,,,
Apparel & Accessories,Clothing,Wedding & Bridal Party Dresses,,,,
Apparel & Accessories,Clothing,Wedding & Bridal Party Dresses,Bridal Party Dresses,,,
Apparel & Accessories,Clothing,Wedding & Bridal Party Dresses,Wedding Dresses,,,
Apparel & Accessories,Clothing Accessories,,,,,
Apparel & Accessories,Clothing Accessories,Arm & Leg Warmers,,,,
Apparel & Accessories,Clothing Accessories,Arm & Leg Warmers,Arm Warmers,,,
Apparel & Accessories,Clothing Accessories,Arm & Leg Warmers,Leg Warmers,,,
Apparel & Accessories,Clothing Accessories,Baby & Toddler Clothing Accessories,,,,
Apparel & Accessories,Clothing Accessories,Baby & Toddler Clothing Accessories,Baby & Toddler Belts,,,
Apparel & Accessories,Clothing Accessories,Baby & Toddler Clothing Accessories,Baby & Toddler Gloves & Mittens,,,
Apparel & Accessories,Clothing Accessories,Baby & Toddler Clothing Accessories,Baby & Toddler Hats,,,
Apparel & Accessories,Clothing Accessories,Baby & Toddler Clothing Accessories,Baby Protective Wear,,,
Apparel & Accessories,Clothing Accessories,Balaclavas,,,,
Apparel & Accessories,Clothing Accessories,Bandanas & Headties,,,,
Apparel & Accessories,Clothing Accessories,Belt Buckles,,,,
Apparel & Accessories,Clothing Accessories,Belts,,,,
Apparel & Accessories,Clothing Accessories,Bridal Accessories,,,,
Apparel & Accessories,Clothing Accessories,Bridal Accessories,Bridal Veils,,,
Apparel & Accessories,Clothing Accessories,Button Studs,,,,
Apparel & Accessories,Clothing Accessories,Collar Stays,,,,
Apparel & Accessories,Clothing Accessories,Cufflinks,,,,
Apparel & Accessories,Clothing Accessories,Earmuffs,,,,
Apparel & Accessories,Clothing Accessories,Folding Fans,,,,
Apparel & Accessories,Clothing Accessories,Gloves & Mittens,,,,
Apparel & Accessories,Clothing Accessories,Gloves & Mittens,Formal Gloves,,,
Apparel & Accessories,Clothing Accessories,Gloves & Mittens,Gloves,,,
Apparel & Accessories,Clothing Accessories,Gloves & Mittens,Mittens,,,
Apparel & Accessories,Clothing Accessories,Gloves & Mittens,Ski & Snowboard Gloves,,,
Apparel & Accessories,Clothing Accessories,Hair Accessories,,,,
Apparel & Accessories,Clothing Accessories,Hair Accessories,Hair Claws,,,
Apparel & Accessories,Clothing Accessories,Hair Accessories,Hair Combs,,,
Apparel & Accessories,Clothing Accessories,Hair Accessories,Hair Extensions,,,
Apparel & Accessories,Clothing Accessories,Hair Accessories,Hair Forks & Sticks,,,
Apparel & Accessories,Clothing Accessories,Hair Accessories,Hair Nets,,,
Apparel & Accessories,Clothing Accessories,Hair Accessories,Hair Pins & Clips,,,
Apparel & Accessories,Clothing Accessories,Hair Accessories,Hair Wreaths,,,
Apparel & Accessories,Clothing Accessories,Hair Accessories,Headbands,,,
Apparel & Accessories,Clothing Accessories,Hair Accessories,Ponytail Holders,,,
Apparel & Accessories,Clothing Accessories,Hair Accessories,Tiaras,,,
Apparel & Accessories,Clothing Accessories,Handkerchiefs,,,,
Apparel & Accessories,Clothing Accessories,Hats,,,,
Apparel & Accessories,Clothing Accessories,Hats,Beanies,,,
Apparel & Accessories,Clothing Accessories,Hats,Berets,,,
Apparel & Accessories,Clothing Accessories,Hats,Bowler & Derby Hats,,,
Apparel & Accessories,Clothing Accessories,Hats,Caps,,,
Apparel & Accessories,Clothing Accessories,Hats,Caps,Baseball Caps,,
Apparel & Accessories,Clothing Accessories,Hats,Caps,Newsboy Caps,,
Apparel & Accessories,Clothing Accessories,Hats,Cowboys Hats,,,
Apparel & Accessories,Clothing Accessories,Hats,Fedoras,,,
Apparel & Accessories,Clothing Accessories,Hats,Sun Hats,,,
Apparel & Accessories,Clothing Accessories,Hats,Visors,,,
Apparel & Accessories,Clothing Accessories,Headwear,,,,
Apparel & Accessories,Clothing Accessories,Headwear,Headdresses,,,
Apparel & Accessories,Clothing Accessories,Headwear,Turbans,,,
Apparel & Accessories,Clothing Accessories,Leis,,,,
Apparel & Accessories,Clothing Accessories,Neckties,,,,
Apparel & Accessories,Clothing Accessories,Neckties,Ascot Ties,,,
Apparel & Accessories,Clothing Accessories,Neckties,Bolo Ties,,,
Apparel & Accessories,Clothing Accessories,Neckties,Bow Ties,,,
Apparel & Accessories,Clothing Accessories,Neckties,Ties,,,
Apparel & Accessories,Clothing Accessories,Pinback Buttons,,,,
Apparel & Accessories,Clothing Accessories,Scarves & Shawls,,,,
Apparel & Accessories,Clothing Accessories,Sunglasses,,,,
Apparel & Accessories,Clothing Accessories,Suspenders,,,,
Apparel & Accessories,Clothing Accessories,Tie Clips,,,,
Apparel & Accessories,Clothing Accessories,Traditional Clothing Accessories,,,,
Apparel & Accessories,Clothing Accessories,Traditional Clothing Accessories,Kimono Underclothes,,,
Apparel & Accessories,Clothing Accessories,Traditional Clothing Accessories,Obi Accessories,,,
Apparel & Accessories,Clothing Accessories,Traditional Clothing Accessories,Obis,,,
Apparel & Accessories,Clothing Accessories,Traditional Clothing Accessories,Tabi Socks,,,
Apparel & Accessories,Clothing Accessories,Veils,,,,
Apparel & Accessories,Clothing Accessories,Wristbands,,,,
Apparel & Accessories,Costumes & Accessories,,,,,
Apparel & Accessories,Costumes & Accessories,Costume Accessories,,,,
Apparel & Accessories,Costumes & Accessories,Costume Accessories,Costume Capes,,,
Apparel & Accessories,Costumes & Accessories,Costume Accessories,Costume Hats,,,
Apparel & Accessories,Costumes & Accessories,Costume Shoes,,,,
Apparel & Accessories,Costumes & Accessories,Costumes,,,,
Apparel & Accessories,Costumes & Accessories,Masks,,,,
Apparel & Accessories,Costumes & Accessories,Wigs,,,,
Apparel & Accessories,Handbag & Wallet Accessories,,,,,
Apparel & Accessories,Handbag & Wallet Accessories,Checkbook Covers,,,,
Apparel & Accessories,Handbag & Wallet Accessories,Keychains,,,,
Apparel & Accessories,Handbag & Wallet Accessories,Lanyards,,,,
Apparel & Accessories,Handbag & Wallet Accessories,Wallet Chains,,,,
Apparel & Accessories,"Handbags, Wallets & Cases",,,,,
Apparel & Accessories,"Handbags, Wallets & Cases",Badge & Pass Holders,,,,
Apparel & Accessories,"Handbags, Wallets & Cases",Business Card Cases,,,,
Apparel & Accessories,"Handbags, Wallets & Cases",Handbags,,,,
Apparel & Accessories,"Handbags, Wallets & Cases",Handbags,Clutches & Special Occasion Bags,,,
Apparel & Accessories,"Handbags, Wallets & Cases",Handbags,Cross-Body Handbags,,,
Apparel & Accessories,"Handbags, Wallets & Cases",Handbags,Hobo Handbags,,,
Apparel & Accessories,"Handbags, Wallets & Cases",Handbags,Satchels,,,
Apparel & Accessories,"Handbags, Wallets & Cases",Handbags,Shoulder Bags,,,
Apparel & Accessories,"Handbags, Wallets & Cases",Handbags,Tote Handbags,,,
Apparel & Accessories,"Handbags, Wallets & Cases",Handbags,Wristlets,,,
Apparel & Accessories,"Handbags, Wallets & Cases",Wallets & Money Clips,,,,
Apparel & Accessories,Jewelry,,,,,
Apparel & Accessories,Jewelry,Anklets,,,,
Apparel & Accessories,Jewelry,Body Jewelry,,,,
Apparel & Accessories,Jewelry,Bracelets,,,,
Apparel & Accessories,Jewelry,Brooches & Lapels,,,,
Apparel & Accessories,Jewelry,Charms & Pendants,,,,
Apparel & Accessories,Jewelry,Earrings,,,,
Apparel & Accessories,Jewelry,Jewelry Sets,,,,
Apparel & Accessories,Jewelry,Loose Stones,,,,
Apparel & Accessories,Jewelry,Loose Stones,Diamonds,,,
Apparel & Accessories,Jewelry,Necklaces,,,,
Apparel & Accessories,Jewelry,Rings,,,,
Apparel & Accessories,Jewelry,Watch Accessories,,,,
Apparel & Accessories,Jewelry,Watch Accessories,Watch Bands,,,
Apparel & Accessories,Jewelry,Watch Accessories,Watch Winders,,,
Apparel & Accessories,Jewelry,Watches,,,,
Apparel & Accessories,Jewelry,Watches,Analog Watches,,,
Apparel & Accessories,Jewelry,Watches,Digital Watches,,,
Apparel & Accessories,Shoe Accessories,,,,,
Apparel & Accessories,Shoe Accessories,Boot Liners,,,,
Apparel & Accessories,Shoe Accessories,Shoe Covers,,,,
Apparel & Accessories,Shoe Accessories,Shoelaces,,,,
Apparel & Accessories,Shoe Accessories,Spurs,,,,
Apparel & Accessories,Shoes,,,,,
Apparel & Accessories,Shoes,Athletic Shoes & Sneakers,,,,
Apparel & Accessories,Shoes,Athletic Shoes & Sneakers,Athletic Shoes,,,
Apparel & Accessories,Shoes,Athletic Shoes & Sneakers,Athletic Shoes,Ballet & Dance Shoes,,
Apparel & Accessories,Shoes,Athletic Shoes & Sneakers,Athletic Shoes,Basketball Shoes,,
Apparel & Accessories,Shoes,Athletic Shoes & Sneakers,Athletic Shoes,Bowling Shoes,,
Apparel & Accessories,Shoes,Athletic Shoes & Sneakers,Athletic Shoes,Cheerleading Shoes,,
Apparel & Accessories,Shoes,Athletic Shoes & Sneakers,Athletic Shoes,Cycling Shoes,,
Apparel & Accessories,Shoes,Athletic Shoes & Sneakers,Athletic Shoes,Golf Shoes,,
Apparel & Accessories,Shoes,Athletic Shoes & Sneakers,Athletic Shoes,Skateboarding Shoes,,
Apparel & Accessories,Shoes,Athletic Shoes & Sneakers,Athletic Shoes,Tennis Shoes,,
Apparel & Accessories,Shoes,Athletic Shoes & Sneakers,Athletic Shoes,Volleyball Shoes,,
Apparel & Accessories,Shoes,Athletic Shoes & Sneakers,Athletic Shoes,Weightlifting Shoes,,
Apparel & Accessories,Shoes,Athletic Shoes & Sneakers,Athletic Shoes,Wrestling Shoes,,
Apparel & Accessories,Shoes,Athletic Shoes & Sneakers,Cleats,,,
Apparel & Accessories,Shoes,Athletic Shoes & Sneakers,Cleats,Baseball & Softball Cleats,,
Apparel & Accessories,Shoes,Athletic Shoes & Sneakers,Cleats,Football Cleats,,
Apparel & Accessories,Shoes,Athletic Shoes & Sneakers,Cleats,Lacrosse Cleats,,
Apparel & Accessories,Shoes,Athletic Shoes & Sneakers,Cleats,Rugby Boots,,
Apparel & Accessories,Shoes,Athletic Shoes & Sneakers,Cleats,Soccer Cleats,,
Apparel & Accessories,Shoes,Athletic Shoes & Sneakers,Cleats,Track Spikes,,
Apparel & Accessories,Shoes,Athletic Shoes & Sneakers,Sneakers,,,
Apparel & Accessories,Shoes,Athletic Shoes & Sneakers,Sneakers,Cross Training Shoes,,
Apparel & Accessories,Shoes,Athletic Shoes & Sneakers,Sneakers,Fashion Sneakers,,
Apparel & Accessories,Shoes,Athletic Shoes & Sneakers,Sneakers,Running Shoes,,
Apparel & Accessories,Shoes,Athletic Shoes & Sneakers,Sneakers,Walking Shoes,,
Apparel & Accessories,Shoes,Baby & Toddler Shoes,,,,
Apparel & Accessories,Shoes,Boots,,,,
Apparel & Accessories,Shoes,Boots,Cowboy Boots,,,
Apparel & Accessories,Shoes,Boots,Dress Boots,,,
Apparel & Accessories,Shoes,Boots,Motorcycle Boots,,,
Apparel & Accessories,Shoes,Boots,Rain Boots,,,
Apparel & Accessories,Shoes,Boots,Riding Boots,,,
Apparel & Accessories,Shoes,Boots,Shearling & Fur Trimmed Boots,,,
Apparel & Accessories,Shoes,Boots,Snow Boots,,,
Apparel & Accessories,Shoes,Boots,Work & Safety Boots,,,
Apparel & Accessories,Shoes,Clogs & Mules,,,,
Apparel & Accessories,Shoes,Dress Shoes,,,,
Apparel & Accessories,Shoes,Dress Shoes,Formal Shoes,,,
Apparel & Accessories,Shoes,Dress Shoes,Oxford Shoes,,,
Apparel & Accessories,Shoes,Dress Shoes,Pumps,,,
Apparel & Accessories,Shoes,Dress Shoes,Pumps,Basic Pumps,,
Apparel & Accessories,Shoes,Dress Shoes,Pumps,D'orsay & Two-Piece Pumps,,
Apparel & Accessories,Shoes,Dress Shoes,Pumps,Spectator Pumps,,
Apparel & Accessories,Shoes,Espadrilles,,,,
Apparel & Accessories,Shoes,Flats,,,,
Apparel & Accessories,Shoes,Loafers & Slip-Ons,,,,
Apparel & Accessories,Shoes,Moccasins,,,,
Apparel & Accessories,Shoes,Outdoor Shoes,,,,
Apparel & Accessories,Shoes,Outdoor Shoes,Climbing Shoes,,,
Apparel & Accessories,Shoes,Outdoor Shoes,Fishing & Hunting Shoes,,,
Apparel & Accessories,Shoes,Outdoor Shoes,Gardening Shoes,,,
Apparel & Accessories,Shoes,Outdoor Shoes,Hiking Boots & Shoes,,,
Apparel & Accessories,Shoes,Outdoor Shoes,Performance Boating Shoes,,,
Apparel & Accessories,Shoes,Outdoor Shoes,Water Shoes,,,
Apparel & Accessories,Shoes,Sandals,,,,
Apparel & Accessories,Shoes,Sandals,Fisherman Sandals,,,
Apparel & Accessories,Shoes,Sandals,Slide Sandals,,,
Apparel & Accessories,Shoes,Sandals,Thongs & Flip-Flops,,,
Apparel & Accessories,Shoes,Slippers,,,,
Arts & Entertainment,,,,,,
Arts & Entertainment,Hobbies & Creative Arts,,,,,
Arts & Entertainment,Hobbies & Creative Arts,Artwork,,,,
Arts & Entertainment,Hobbies & Creative Arts,Artwork,Drawings & Illustrations,,,
Arts & Entertainment,Hobbies & Creative Arts,Artwork,Mixed Media Art,,,
Arts & Entertainment,Hobbies & Creative Arts,Artwork,Paintings,,,
Arts & Entertainment,Hobbies & Creative Arts,Artwork,Photographs,,,
Arts & Entertainment,Hobbies & Creative Arts,Artwork,Photographs,Stock Photographs,,
Arts & Entertainment,Hobbies & Creative Arts,Artwork,Posters,,,
Arts & Entertainment,Hobbies & Creative Arts,Artwork,Sculptures & Statues,,,
Arts & Entertainment,Hobbies & Creative Arts,Collectibles,,,,
Arts & Entertainment,Hobbies & Creative Arts,Collectibles,Autographs,,,
Arts & Entertainment,Hobbies & Creative Arts,Collectibles,Collectible Coins & Currency,,,
Arts & Entertainment,Hobbies & Creative Arts,Collectibles,Collectible Weapons,,,
Arts & Entertainment,Hobbies & Creative Arts,Collectibles,Collectible Weapons,Collectible Knives,,
Arts & Entertainment,Hobbies & Creative Arts,Collectibles,Collectible Weapons,Collectible Swords,,
Arts & Entertainment,Hobbies & Creative Arts,Collectibles,Collectible Weapons,Sword Stands & Displays,,
Arts & Entertainment,Hobbies & Creative Arts,Collectibles,Postage Stamps,,,
Arts & Entertainment,Hobbies & Creative Arts,Collectibles,Rocks & Fossils,,,
Arts & Entertainment,Hobbies & Creative Arts,Collectibles,Scale Model Accessories,,,
Arts & Entertainment,Hobbies & Creative Arts,Collectibles,Scale Models,,,
Arts & Entertainment,Hobbies & Creative Arts,Collectibles,Seal Stamps,,,
Arts & Entertainment,Hobbies & Creative Arts,Collectibles,Sports Collectibles,,,
Arts & Entertainment,Hobbies & Creative Arts,Collectibles,Sports Collectibles,Autographed Sports Paraphernalia,,
Arts & Entertainment,Hobbies & Creative Arts,Collectibles,Sports Collectibles,Autographed Sports Paraphernalia,Auto Racing Autographed Paraphernalia,
Arts & Entertainment,Hobbies & Creative Arts,Collectibles,Sports Collectibles,Autographed Sports Paraphernalia,Baseball & Softball Autographed Paraphernalia,
Arts & Entertainment,Hobbies & Creative Arts,Collectibles,Sports Collectibles,Autographed Sports Paraphernalia,Basketball Autographed Paraphernalia,
Arts & Entertainment,Hobbies & Creative Arts,Collectibles,Sports Collectibles,Autographed Sports Paraphernalia,Football Autographed Paraphernalia,
Arts & Entertainment,Hobbies & Creative Arts,Collectibles,Sports Collectibles,Autographed Sports Paraphernalia,Hockey Autographed Paraphernalia,
Arts & Entertainment,Hobbies & Creative Arts,Collectibles,Sports Collectibles,Autographed Sports Paraphernalia,Soccer Autographed Paraphernalia,
Arts & Entertainment,Hobbies & Creative Arts,Collectibles,Sports Collectibles,Autographed Sports Paraphernalia,Tennis Autographed Sports Paraphernalia,
Arts & Entertainment,Hobbies & Creative Arts,Collectibles,Sports Collectibles,Sports Fan Accessories,,
Arts & Entertainment,Hobbies & Creative Arts,Collectibles,Sports Collectibles,Sports Fan Accessories,Auto Racing Fan Accessories,
Arts & Entertainment,Hobbies & Creative Arts,Collectibles,Sports Collectibles,Sports Fan Accessories,Baseball & Softball Fan Accessories,
Arts & Entertainment,Hobbies & Creative Arts,Collectibles,Sports Collectibles,Sports Fan Accessories,Basketball Fan Accessories,
Arts & Entertainment,Hobbies & Creative Arts,Collectibles,Sports Collectibles,Sports Fan Accessories,Football Fan Accessories,
Arts & Entertainment,Hobbies & Creative Arts,Collectibles,Sports Collectibles,Sports Fan Accessories,Hockey Fan Accessories,
Arts & Entertainment,Hobbies & Creative Arts,Collectibles,Sports Collectibles,Sports Fan Accessories,Soccer Fan Accessories,
Arts & Entertainment,Hobbies & Creative Arts,Collectibles,Sports Collectibles,Sports Fan Accessories,Tennis Fan Accessories,
Arts & Entertainment,Hobbies & Creative Arts,Collectibles,Trading Cards,,,
Arts & Entertainment,Hobbies & Creative Arts,Collectibles,Trading Cards,Sports Trading Cards,,
Arts & Entertainment,Hobbies & Creative Arts,Collectibles,Trading Cards,Sports Trading Cards,Auto Racing Trading Cards,
Arts & Entertainment,Hobbies & Creative Arts,Collectibles,Trading Cards,Sports Trading Cards,Baseball Trading Cards,
Arts & Entertainment,Hobbies & Creative Arts,Collectibles,Trading Cards,Sports Trading Cards,Basketball Trading Cards,
Arts & Entertainment,Hobbies & Creative Arts,Collectibles,Trading Cards,Sports Trading Cards,Football Trading Cards,
Arts & Entertainment,Hobbies & Creative Arts,Collectibles,Trading Cards,Sports Trading Cards,Hockey Trading Cards,
Arts & Entertainment,Hobbies & Creative Arts,Collectibles,Trading Cards,Sports Trading Cards,Soccer Trading Cards,
Arts & Entertainment,Hobbies & Creative Arts,Collectibles,Vintage Advertisements,,,
Arts & Entertainment,Hobbies & Creative Arts,Crafts & Hobbies,,,,
Arts & Entertainment,Hobbies & Creative Arts,Crafts & Hobbies,Art Paper,,,
Arts & Entertainment,Hobbies & Creative Arts,Crafts & Hobbies,Art Paper,Construction Paper,,
Arts & Entertainment,Hobbies & Creative Arts,Crafts & Hobbies,Art Paper,Origami Paper,,
Arts & Entertainment,Hobbies & Creative Arts,Crafts & Hobbies,Art Paper,Scratchboard Paper,,
Arts & Entertainment,Hobbies & Creative Arts,Crafts & Hobbies,Art Paper,Sketch Pads,,
Arts & Entertainment,Hobbies & Creative Arts,Crafts & Hobbies,Art Paper,Tracing Paper,,
Arts & Entertainment,Hobbies & Creative Arts,Crafts & Hobbies,Art Paper,Transfer Paper,,
Arts & Entertainment,Hobbies & Creative Arts,Crafts & Hobbies,Art Paper,Vellum,,
Arts & Entertainment,Hobbies & Creative Arts,Crafts & Hobbies,Art Paper,Watercolor Paper,,
Arts & Entertainment,Hobbies & Creative Arts,Crafts & Hobbies,Beading Patterns,,,
Arts & Entertainment,Hobbies & Creative Arts,Crafts & Hobbies,Candle & Soap Making,,,
Arts & Entertainment,Hobbies & Creative Arts,Crafts & Hobbies,Canvas & Boards,,,
Arts & Entertainment,Hobbies & Creative Arts,Crafts & Hobbies,Craft & Hobby Storage,,,
Arts & Entertainment,Hobbies & Creative Arts,Crafts & Hobbies,Craft & Hobby Storage,Knitting Needle & Crochet Hook Cases,,
Arts & Entertainment,Hobbies & Creative Arts,Crafts & Hobbies,Craft & Hobby Storage,Sewing Organizers,,
Arts & Entertainment,Hobbies & Creative Arts,Crafts & Hobbies,Craft & Hobby Storage,Yarn Organizers,,
Arts & Entertainment,Hobbies & Creative Arts,Crafts & Hobbies,Craft Foam & Styrofoam,,,
Arts & Entertainment,Hobbies & Creative Arts,Crafts & Hobbies,Craft Magnets,,,
Arts & Entertainment,Hobbies & Creative Arts,Crafts & Hobbies,Craft Pipe Cleaners,,,
Arts & Entertainment,Hobbies & Creative Arts,Crafts & Hobbies,Decorative Stickers,,,
Arts & Entertainment,Hobbies & Creative Arts,Crafts & Hobbies,Drawing & Painting,,,
Arts & Entertainment,Hobbies & Creative Arts,Crafts & Hobbies,Drawing & Painting,Art Brushes,,
Arts & Entertainment,Hobbies & Creative Arts,Crafts & Hobbies,Drawing & Painting,Art Easels,,
Arts & Entertainment,Hobbies & Creative Arts,Crafts & Hobbies,Drawing & Painting,Drafting,,
Arts & Entertainment,Hobbies & Creative Arts,Crafts & Hobbies,Drawing & Painting,Drafting,Drafting Compasses,
Arts & Entertainment,Hobbies & Creative Arts,Crafts & Hobbies,Drawing & Painting,Drawing & Painting Kits,,
Arts & Entertainment,Hobbies & Creative Arts,Crafts & Hobbies,Drawing & Painting,Painting,,
Arts & Entertainment,Hobbies & Creative Arts,Crafts & Hobbies,Drawing & Painting,Painting,Art Paint,
Arts & Entertainment,Hobbies & Creative Arts,Crafts & Hobbies,Drawing & Painting,Painting,Paint Mediums,
Arts & Entertainment,Hobbies & Creative Arts,Crafts & Hobbies,Drawing & Painting,Painting,Palette Knives,
Arts & Entertainment,Hobbies & Creative Arts,Crafts & Hobbies,Drawing & Painting,Painting,Palettes,
Arts & Entertainment,Hobbies & Creative Arts,Crafts & Hobbies,Fibercraft & Textile Arts,,,
Arts & Entertainment,Hobbies & Creative Arts,Crafts & Hobbies,Fibercraft & Textile Arts,Crocheting,,
Arts & Entertainment,Hobbies & Creative Arts,Crafts & Hobbies,Fibercraft & Textile Arts,Crocheting,Crochet Hooks,
Arts & Entertainment,Hobbies & Creative Arts,Crafts & Hobbies,Fibercraft & Textile Arts,Crocheting,Crochet Thread,
Arts & Entertainment,Hobbies & Creative Arts,Crafts & Hobbies,Fibercraft & Textile Arts,Cross-Stitch & Embroidery,,
Arts & Entertainment,Hobbies & Creative Arts,Crafts & Hobbies,Fibercraft & Textile Arts,Felting,,
Arts & Entertainment,Hobbies & Creative Arts,Crafts & Hobbies,Fibercraft & Textile Arts,Felting,Felting Molds,
Arts & Entertainment,Hobbies & Creative Arts,Crafts & Hobbies,Fibercraft & Textile Arts,Felting,Felting Needles,
Arts & Entertainment,Hobbies & Creative Arts,Crafts & Hobbies,Fibercraft & Textile Arts,Felting,Felting Pads & Mats,
Arts & Entertainment,Hobbies & Creative Arts,Crafts & Hobbies,Fibercraft & Textile Arts,Fibercraft Patterns,,
Arts & Entertainment,Hobbies & Creative Arts,Crafts & Hobbies,Fibercraft & Textile Arts,Fibercraft Patterns,Cross-Stitch & Embroidery Patterns,
Arts & Entertainment,Hobbies & Creative Arts,Crafts & Hobbies,Fibercraft & Textile Arts,Fibercraft Patterns,Knitting & Crocheting Patterns,
Arts & Entertainment,Hobbies & Creative Arts,Crafts & Hobbies,Fibercraft & Textile Arts,Fibercraft Patterns,Sewing Patterns,
Arts & Entertainment,Hobbies & Creative Arts,Crafts & Hobbies,Fibercraft & Textile Arts,Hand Spinning,,
Arts & Entertainment,Hobbies & Creative Arts,Crafts & Hobbies,Fibercraft & Textile Arts,Hand Spinning,Hand Spindles,
Arts & Entertainment,Hobbies & Creative Arts,Crafts & Hobbies,Fibercraft & Textile Arts,Hand Spinning,Spinning Wheel Accessories,
Arts & Entertainment,Hobbies & Creative Arts,Crafts & Hobbies,Fibercraft & Textile Arts,Hand Spinning,Spinning Wheels,
Arts & Entertainment,Hobbies & Creative Arts,Crafts & Hobbies,Fibercraft & Textile Arts,Knitting,,
Arts & Entertainment,Hobbies & Creative Arts,Crafts & Hobbies,Fibercraft & Textile Arts,Knitting,Knitting Needles,
Arts & Entertainment,Hobbies & Creative Arts,Crafts & Hobbies,Fibercraft & Textile Arts,"Lace, Trims & Trimmings",,
Arts & Entertainment,Hobbies & Creative Arts,Crafts & Hobbies,Fibercraft & Textile Arts,Quilting,,
Arts & Entertainment,Hobbies & Creative Arts,Crafts & Hobbies,Fibercraft & Textile Arts,Textile Art Materials,,
Arts & Entertainment,Hobbies & Creative Arts,Crafts & Hobbies,Fibercraft & Textile Arts,Textile Art Materials,Elastic,
Arts & Entertainment,Hobbies & Creative Arts,Crafts & Hobbies,Fibercraft & Textile Arts,Textile Art Materials,Fabric,
Arts & Entertainment,Hobbies & Creative Arts,Crafts & Hobbies,Fibercraft & Textile Arts,Textile Art Materials,Fabric Patches,
Arts & Entertainment,Hobbies & Creative Arts,Crafts & Hobbies,Fibercraft & Textile Arts,Textile Art Materials,Hook & Loop Fasteners,
Arts & Entertainment,Hobbies & Creative Arts,Crafts & Hobbies,Fibercraft & Textile Arts,Textile Art Materials,Plastic Canvas,
Arts & Entertainment,Hobbies & Creative Arts,Crafts & Hobbies,Fibercraft & Textile Arts,Textile Art Materials,Sewing Buttons,
Arts & Entertainment,Hobbies & Creative Arts,Crafts & Hobbies,Fibercraft & Textile Arts,Textile Art Materials,Sewing Labels,
Arts & Entertainment,Hobbies & Creative Arts,Crafts & Hobbies,Fibercraft & Textile Arts,Textile Art Materials,Sewing Snaps,
Arts & Entertainment,Hobbies & Creative Arts,Crafts & Hobbies,Fibercraft & Textile Arts,Textile Art Materials,Stuffing & Filling Material,
Arts & Entertainment,Hobbies & Creative Arts,Crafts & Hobbies,Fibercraft & Textile Arts,Textile Art Materials,Textile Dyes,
Arts & Entertainment,Hobbies & Creative Arts,Crafts & Hobbies,Fibercraft & Textile Arts,Textile Art Materials,Textile Paints,
Arts & Entertainment,Hobbies & Creative Arts,Crafts & Hobbies,Fibercraft & Textile Arts,Textile Art Materials,Thread,
Arts & Entertainment,Hobbies & Creative Arts,Crafts & Hobbies,Fibercraft & Textile Arts,Textile Art Materials,Unspun Fiber,
Arts & Entertainment,Hobbies & Creative Arts,Crafts & Hobbies,Fibercraft & Textile Arts,Textile Art Materials,Yarn,
Arts & Entertainment,Hobbies & Creative Arts,Crafts & Hobbies,Fibercraft & Textile Arts,Textile Art Materials,Zippers,
Arts & Entertainment,Hobbies & Creative Arts,Crafts & Hobbies,Fibercraft & Textile Arts,Textile Art Tools & Accessories,,
Arts & Entertainment,Hobbies & Creative Arts,Crafts & Hobbies,Fibercraft & Textile Arts,Textile Art Tools & Accessories,Blocking Mats,
Arts & Entertainment,Hobbies & Creative Arts,Crafts & Hobbies,Fibercraft & Textile Arts,Textile Art Tools & Accessories,Blocking Wires,
Arts & Entertainment,Hobbies & Creative Arts,Crafts & Hobbies,Fibercraft & Textile Arts,Textile Art Tools & Accessories,Dressforms,
Arts & Entertainment,Hobbies & Creative Arts,Crafts & Hobbies,Fibercraft & Textile Arts,Textile Art Tools & Accessories,Fabric Adhesives,
Arts & Entertainment,Hobbies & Creative Arts,Crafts & Hobbies,Fibercraft & Textile Arts,Textile Art Tools & Accessories,Fabric Adhesives,Fabric Glue
Arts & Entertainment,Hobbies & Creative Arts,Crafts & Hobbies,Fibercraft & Textile Arts,Textile Art Tools & Accessories,Fabric Adhesives,Fabric Tape
Arts & Entertainment,Hobbies & Creative Arts,Crafts & Hobbies,Fibercraft & Textile Arts,Textile Art Tools & Accessories,Fabric Cutter Dies,
Arts & Entertainment,Hobbies & Creative Arts,Crafts & Hobbies,Fibercraft & Textile Arts,Textile Art Tools & Accessories,Fabric Cutters,
Arts & Entertainment,Hobbies & Creative Arts,Crafts & Hobbies,Fibercraft & Textile Arts,Textile Art Tools & Accessories,Fabric Marking Tools,
Arts & Entertainment,Hobbies & Creative Arts,Crafts & Hobbies,Fibercraft & Textile Arts,Textile Art Tools & Accessories,Fabric Repair Kits,
Arts & Entertainment,Hobbies & Creative Arts,Crafts & Hobbies,Fibercraft & Textile Arts,Textile Art Tools & Accessories,Fabric Scissors & Shears,
Arts & Entertainment,Hobbies & Creative Arts,Crafts & Hobbies,Fibercraft & Textile Arts,Textile Art Tools & Accessories,Fiber Cards,
Arts & Entertainment,Hobbies & Creative Arts,Crafts & Hobbies,Fibercraft & Textile Arts,Textile Art Tools & Accessories,Looms,
Arts & Entertainment,Hobbies & Creative Arts,Crafts & Hobbies,Fibercraft & Textile Arts,Textile Art Tools & Accessories,Needle Threaders,
Arts & Entertainment,Hobbies & Creative Arts,Crafts & Hobbies,Fibercraft & Textile Arts,Textile Art Tools & Accessories,Pin Cushions,
Arts & Entertainment,Hobbies & Creative Arts,Crafts & Hobbies,Fibercraft & Textile Arts,Textile Art Tools & Accessories,Safety Pins,
Arts & Entertainment,Hobbies & Creative Arts,Crafts & Hobbies,Fibercraft & Textile Arts,Textile Art Tools & Accessories,Seam Rippers,
Arts & Entertainment,Hobbies & Creative Arts,Crafts & Hobbies,Fibercraft & Textile Arts,Textile Art Tools & Accessories,Sewing Needles,
Arts & Entertainment,Hobbies & Creative Arts,Crafts & Hobbies,Fibercraft & Textile Arts,Textile Art Tools & Accessories,Stitch Markers & Counters,
Arts & Entertainment,Hobbies & Creative Arts,Crafts & Hobbies,Fibercraft & Textile Arts,Textile Art Tools & Accessories,Straight Pins,
Arts & Entertainment,Hobbies & Creative Arts,Crafts & Hobbies,Fibercraft & Textile Arts,Textile Art Tools & Accessories,"Textile Art Frames, Hoops & Stretchers",
Arts & Entertainment,Hobbies & Creative Arts,Crafts & Hobbies,Fibercraft & Textile Arts,Textile Art Tools & Accessories,Textile Art Gauges & Rulers,
Arts & Entertainment,Hobbies & Creative Arts,Crafts & Hobbies,Fibercraft & Textile Arts,Textile Art Tools & Accessories,Thimbles,
Arts & Entertainment,Hobbies & Creative Arts,Crafts & Hobbies,Fibercraft & Textile Arts,Textile Art Tools & Accessories,Thread & Yarn Cutters,
Arts & Entertainment,Hobbies & Creative Arts,Crafts & Hobbies,Fibercraft & Textile Arts,Textile Art Tools & Accessories,Thread & Yarn Guides,
Arts & Entertainment,Hobbies & Creative Arts,Crafts & Hobbies,Fibercraft & Textile Arts,Textile Art Tools & Accessories,Thread & Yarn Spools,
Arts & Entertainment,Hobbies & Creative Arts,Crafts & Hobbies,Fibercraft & Textile Arts,Textile Art Tools & Accessories,Thread & Yarn Winders,
Arts & Entertainment,Hobbies & Creative Arts,Crafts & Hobbies,Fibercraft & Textile Arts,Weaving,,
Arts & Entertainment,Hobbies & Creative Arts,Crafts & Hobbies,Fibercraft & Textile Arts,Weaving,Locker Hooks,
Arts & Entertainment,Hobbies & Creative Arts,Crafts & Hobbies,Fibercraft & Textile Arts,Weaving,Weaving Beaters,
Arts & Entertainment,Hobbies & Creative Arts,Crafts & Hobbies,Fibercraft & Textile Arts,Weaving,Weaving Shuttles,
Arts & Entertainment,Hobbies & Creative Arts,Crafts & Hobbies,Flower Arranging,,,
Arts & Entertainment,Hobbies & Creative Arts,Crafts & Hobbies,Flower Arranging,Vase Fillers & Table Scatters,,
Arts & Entertainment,Hobbies & Creative Arts,Crafts & Hobbies,Glass Crafts,,,
Arts & Entertainment,Hobbies & Creative Arts,Crafts & Hobbies,Glitter,,,
Arts & Entertainment,Hobbies & Creative Arts,Crafts & Hobbies,Homebrewing,,,
Arts & Entertainment,Hobbies & Creative Arts,Crafts & Hobbies,Homebrewing,Beer Brewing,,
Arts & Entertainment,Hobbies & Creative Arts,Crafts & Hobbies,Homebrewing,Wine Making,,
Arts & Entertainment,Hobbies & Creative Arts,Crafts & Hobbies,Incense Making Kits,,,
Arts & Entertainment,Hobbies & Creative Arts,Crafts & Hobbies,Jewelry Making,,,
Arts & Entertainment,Hobbies & Creative Arts,Crafts & Hobbies,Jewelry Making,Beads,,
Arts & Entertainment,Hobbies & Creative Arts,Crafts & Hobbies,Jewelry Making,Jewelry & Beading Cord,,
Arts & Entertainment,Hobbies & Creative Arts,Crafts & Hobbies,Jewelry Making,Jewelry & Beading Wire,,
Arts & Entertainment,Hobbies & Creative Arts,Crafts & Hobbies,Jewelry Making,Jewelry Findings,,
Arts & Entertainment,Hobbies & Creative Arts,Crafts & Hobbies,Juggling,,,
Arts & Entertainment,Hobbies & Creative Arts,Crafts & Hobbies,Leather Crafts,,,
Arts & Entertainment,Hobbies & Creative Arts,Crafts & Hobbies,Light Boxes,,,
Arts & Entertainment,Hobbies & Creative Arts,Crafts & Hobbies,Magic & Novelties,,,
Arts & Entertainment,Hobbies & Creative Arts,Crafts & Hobbies,Magnetic Tape,,,
Arts & Entertainment,Hobbies & Creative Arts,Crafts & Hobbies,Model Making,,,
Arts & Entertainment,Hobbies & Creative Arts,Crafts & Hobbies,Model Making,Model Rocketry,,
Arts & Entertainment,Hobbies & Creative Arts,Crafts & Hobbies,Model Making,Model Train Accessories,,
Arts & Entertainment,Hobbies & Creative Arts,Crafts & Hobbies,Model Making,Model Trains & Train Sets,,
Arts & Entertainment,Hobbies & Creative Arts,Crafts & Hobbies,Model Making,Scale Model Kits,,
Arts & Entertainment,Hobbies & Creative Arts,Crafts & Hobbies,Mosaic Making,,,
Arts & Entertainment,Hobbies & Creative Arts,Crafts & Hobbies,Mosaic Making,Mosaic Kits,,
Arts & Entertainment,Hobbies & Creative Arts,Crafts & Hobbies,Paper Crafts,,,
Arts & Entertainment,Hobbies & Creative Arts,Crafts & Hobbies,Paper Crafts,Embossing,,
Arts & Entertainment,Hobbies & Creative Arts,Crafts & Hobbies,Paper Crafts,Embossing,Embossing Dies,
Arts & Entertainment,Hobbies & Creative Arts,Crafts & Hobbies,Paper Crafts,Embossing,Embossing Machines,
Arts & Entertainment,Hobbies & Creative Arts,Crafts & Hobbies,Paper Crafts,Embossing,Embossing Pens,
Arts & Entertainment,Hobbies & Creative Arts,Crafts & Hobbies,Paper Crafts,Embossing,Embossing Powder,
Arts & Entertainment,Hobbies & Creative Arts,Crafts & Hobbies,Paper Crafts,Paper Creasers & Scorers,,
Arts & Entertainment,Hobbies & Creative Arts,Crafts & Hobbies,Pottery & Sculpting,,,
Arts & Entertainment,Hobbies & Creative Arts,Crafts & Hobbies,Pottery & Sculpting,Modeling Clay & Dough,,
Arts & Entertainment,Hobbies & Creative Arts,Crafts & Hobbies,Printmaking,,,
Arts & Entertainment,Hobbies & Creative Arts,Crafts & Hobbies,Printmaking,Screen Printing,,
Arts & Entertainment,Hobbies & Creative Arts,Crafts & Hobbies,Printmaking,Screen Printing,Brayer Rollers,
Arts & Entertainment,Hobbies & Creative Arts,Crafts & Hobbies,Printmaking,Screen Printing,Screen Printing Squeegees,
Arts & Entertainment,Hobbies & Creative Arts,Crafts & Hobbies,Rhinestones,,,
Arts & Entertainment,Hobbies & Creative Arts,Crafts & Hobbies,Scrapbooking,,,
Arts & Entertainment,Hobbies & Creative Arts,Crafts & Hobbies,Sequins,,,
Arts & Entertainment,Hobbies & Creative Arts,Crafts & Hobbies,Stenciling,,,
Arts & Entertainment,Hobbies & Creative Arts,Crafts & Hobbies,Stenciling,Stencil Machines,,
Arts & Entertainment,Hobbies & Creative Arts,Crafts & Hobbies,Stenciling,Stencils & Dies,,
Arts & Entertainment,Hobbies & Creative Arts,Crafts & Hobbies,Watch Repair Kits,,,
Arts & Entertainment,Hobbies & Creative Arts,Crafts & Hobbies,Woodworking,,,
Arts & Entertainment,Hobbies & Creative Arts,Musical Instrument Accessories,,,,
Arts & Entertainment,Hobbies & Creative Arts,Musical Instrument Accessories,Brass Instrument Accessories,,,
Arts & Entertainment,Hobbies & Creative Arts,Musical Instrument Accessories,Brass Instrument Accessories,Brass Instrument Care & Cleaning,,
Arts & Entertainment,Hobbies & Creative Arts,Musical Instrument Accessories,Brass Instrument Accessories,Brass Instrument Care & Cleaning,"Brass Instrument Brushes, Snakes & Cleaning Rods",
Arts & Entertainment,Hobbies & Creative Arts,Musical Instrument Accessories,Brass Instrument Accessories,Brass Instrument Care & Cleaning,Brass Instrument Care Kits,
Arts & Entertainment,Hobbies & Creative Arts,Musical Instrument Accessories,Brass Instrument Accessories,Brass Instrument Care & Cleaning,Brass Instrument Cleaners & Sanitizers,
Arts & Entertainment,Hobbies & Creative Arts,Musical Instrument Accessories,Brass Instrument Accessories,Brass Instrument Care & Cleaning,Brass Instrument Guards,
Arts & Entertainment,Hobbies & Creative Arts,Musical Instrument Accessories,Brass Instrument Accessories,Brass Instrument Care & Cleaning,Brass Instrument Lubricants,
Arts & Entertainment,Hobbies & Creative Arts,Musical Instrument Accessories,Brass Instrument Accessories,Brass Instrument Care & Cleaning,Brass Instrument Polishing Cloths,
Arts & Entertainment,Hobbies & Creative Arts,Musical Instrument Accessories,Brass Instrument Accessories,Brass Instrument Replacement Parts,,
Arts & Entertainment,Hobbies & Creative Arts,Musical Instrument Accessories,Brass Instrument Accessories,Euphonium Accessories,,
Arts & Entertainment,Hobbies & Creative Arts,Musical Instrument Accessories,Brass Instrument Accessories,Euphonium Accessories,Euphonium Cases & Gigbags,
Arts & Entertainment,Hobbies & Creative Arts,Musical Instrument Accessories,Brass Instrument Accessories,Euphonium Accessories,Euphonium Mouthpieces,
Arts & Entertainment,Hobbies & Creative Arts,Musical Instrument Accessories,Brass Instrument Accessories,Euphonium Accessories,Euphonium Mutes,
Arts & Entertainment,Hobbies & Creative Arts,Musical Instrument Accessories,Brass Instrument Accessories,Euphonium Accessories,Euphonium Stands,
Arts & Entertainment,Hobbies & Creative Arts,Musical Instrument Accessories,Brass Instrument Accessories,French Horn Accessories,,
Arts & Entertainment,Hobbies & Creative Arts,Musical Instrument Accessories,Brass Instrument Accessories,French Horn Accessories,French Horn Cases & Gigbags,
Arts & Entertainment,Hobbies & Creative Arts,Musical Instrument Accessories,Brass Instrument Accessories,French Horn Accessories,French Horn Mouthpieces,
Arts & Entertainment,Hobbies & Creative Arts,Musical Instrument Accessories,Brass Instrument Accessories,French Horn Accessories,French Horn Mutes,
Arts & Entertainment,Hobbies & Creative Arts,Musical Instrument Accessories,Brass Instrument Accessories,French Horn Accessories,French Horn Stands,
Arts & Entertainment,Hobbies & Creative Arts,Musical Instrument Accessories,Brass Instrument Accessories,Trombone Accessories,,
Arts & Entertainment,Hobbies & Creative Arts,Musical Instrument Accessories,Brass Instrument Accessories,Trombone Accessories,Trombone Cases & Gigbags,
Arts & Entertainment,Hobbies & Creative Arts,Musical Instrument Accessories,Brass Instrument Accessories,Trombone Accessories,Trombone Lyres,
Arts & Entertainment,Hobbies & Creative Arts,Musical Instrument Accessories,Brass Instrument Accessories,Trombone Accessories,Trombone Mouthpieces,
Arts & Entertainment,Hobbies & Creative Arts,Musical Instrument Accessories,Brass Instrument Accessories,Trombone Accessories,Trombone Mutes,
Arts & Entertainment,Hobbies & Creative Arts,Musical Instrument Accessories,Brass Instrument Accessories,Trombone Accessories,Trombone Stands,
Arts & Entertainment,Hobbies & Creative Arts,Musical Instrument Accessories,Brass Instrument Accessories,Trumpet & Cornet Accessories,,
Arts & Entertainment,Hobbies & Creative Arts,Musical Instrument Accessories,Brass Instrument Accessories,Trumpet & Cornet Accessories,Trumpet & Cornet Cases & Gigbags,
Arts & Entertainment,Hobbies & Creative Arts,Musical Instrument Accessories,Brass Instrument Accessories,Trumpet & Cornet Accessories,Trumpet & Cornet Lyres,
Arts & Entertainment,Hobbies & Creative Arts,Musical Instrument Accessories,Brass Instrument Accessories,Trumpet & Cornet Accessories,Trumpet & Cornet Mouthpieces,
Arts & Entertainment,Hobbies & Creative Arts,Musical Instrument Accessories,Brass Instrument Accessories,Trumpet & Cornet Accessories,Trumpet & Cornet Mutes,
Arts & Entertainment,Hobbies & Creative Arts,Musical Instrument Accessories,Brass Instrument Accessories,Trumpet & Cornet Accessories,Trumpet & Cornet Stands,
Arts & Entertainment,Hobbies & Creative Arts,Musical Instrument Accessories,Brass Instrument Accessories,Tuba Accessories,,
Arts & Entertainment,Hobbies & Creative Arts,Musical Instrument Accessories,Brass Instrument Accessories,Tuba Accessories,Tuba Cases & Gigbags,
Arts & Entertainment,Hobbies & Creative Arts,Musical Instrument Accessories,Brass Instrument Accessories,Tuba Accessories,Tuba Mouthpieces,
Arts & Entertainment,Hobbies & Creative Arts,Musical Instrument Accessories,Brass Instrument Accessories,Tuba Accessories,Tuba Mutes,
Arts & Entertainment,Hobbies & Creative Arts,Musical Instrument Accessories,Brass Instrument Accessories,Tuba Accessories,Tuba Stands,
Arts & Entertainment,Hobbies & Creative Arts,Musical Instrument Accessories,Electronic Tuners,,,
Arts & Entertainment,Hobbies & Creative Arts,Musical Instrument Accessories,Music Stands,,,
Arts & Entertainment,Hobbies & Creative Arts,Musical Instrument Accessories,Musical Instrument Amplifier Cabinets,,,
Arts & Entertainment,Hobbies & Creative Arts,Musical Instrument Accessories,Musical Instrument Amplifiers,,,
Arts & Entertainment,Hobbies & Creative Arts,Musical Instrument Accessories,Musical Keyboard Accessories,,,
Arts & Entertainment,Hobbies & Creative Arts,Musical Instrument Accessories,Musical Keyboard Accessories,Musical Keyboard Stands,,
Arts & Entertainment,Hobbies & Creative Arts,Musical Instrument Accessories,Musical Keyboard Accessories,Sustain Pedals,,
Arts & Entertainment,Hobbies & Creative Arts,Musical Instrument Accessories,Percussion Accessories,,,
Arts & Entertainment,Hobbies & Creative Arts,Musical Instrument Accessories,Percussion Accessories,Drum Sticks,,
Arts & Entertainment,Hobbies & Creative Arts,Musical Instrument Accessories,Percussion Accessories,Drumming Thrones,,
Arts & Entertainment,Hobbies & Creative Arts,Musical Instrument Accessories,Percussion Accessories,Percussion Mallets,,
Arts & Entertainment,Hobbies & Creative Arts,Musical Instrument Accessories,Piano Accessories,,,
Arts & Entertainment,Hobbies & Creative Arts,Musical Instrument Accessories,Piano Accessories,Piano Benches,,
Arts & Entertainment,Hobbies & Creative Arts,Musical Instrument Accessories,String Instrument Accessories,,,
Arts & Entertainment,Hobbies & Creative Arts,Musical Instrument Accessories,String Instrument Accessories,Cello Accessories,,
Arts & Entertainment,Hobbies & Creative Arts,Musical Instrument Accessories,String Instrument Accessories,Cello Accessories,Cello Bows,
Arts & Entertainment,Hobbies & Creative Arts,Musical Instrument Accessories,String Instrument Accessories,Cello Accessories,Cello Cases,
Arts & Entertainment,Hobbies & Creative Arts,Musical Instrument Accessories,String Instrument Accessories,Cello Accessories,Cello Mutes,
Arts & Entertainment,Hobbies & Creative Arts,Musical Instrument Accessories,String Instrument Accessories,Cello Accessories,Cello Strings,
Arts & Entertainment,Hobbies & Creative Arts,Musical Instrument Accessories,String Instrument Accessories,Guitar Accessories,,
Arts & Entertainment,Hobbies & Creative Arts,Musical Instrument Accessories,String Instrument Accessories,Guitar Accessories,Acoustic Guitar Pickups,
Arts & Entertainment,Hobbies & Creative Arts,Musical Instrument Accessories,String Instrument Accessories,Guitar Accessories,Capos,
Arts & Entertainment,Hobbies & Creative Arts,Musical Instrument Accessories,String Instrument Accessories,Guitar Accessories,Electric Guitar Pickups,
Arts & Entertainment,Hobbies & Creative Arts,Musical Instrument Accessories,String Instrument Accessories,Guitar Accessories,Guitar Bridge Pins,
Arts & Entertainment,Hobbies & Creative Arts,Musical Instrument Accessories,String Instrument Accessories,Guitar Accessories,Guitar Cases & Gig Bags,
Arts & Entertainment,Hobbies & Creative Arts,Musical Instrument Accessories,String Instrument Accessories,Guitar Accessories,Guitar Humidifiers,
Arts & Entertainment,Hobbies & Creative Arts,Musical Instrument Accessories,String Instrument Accessories,Guitar Accessories,Guitar Picks,
Arts & Entertainment,Hobbies & Creative Arts,Musical Instrument Accessories,String Instrument Accessories,Guitar Accessories,Guitar Slides,
Arts & Entertainment,Hobbies & Creative Arts,Musical Instrument Accessories,String Instrument Accessories,Guitar Accessories,Guitar Stands,
Arts & Entertainment,Hobbies & Creative Arts,Musical Instrument Accessories,String Instrument Accessories,Guitar Accessories,Guitar Strings,
Arts & Entertainment,Hobbies & Creative Arts,Musical Instrument Accessories,String Instrument Accessories,Guitar Accessories,Guitar Tuning Machines,
Arts & Entertainment,Hobbies & Creative Arts,Musical Instrument Accessories,String Instrument Accessories,Harp Accessories,,
Arts & Entertainment,Hobbies & Creative Arts,Musical Instrument Accessories,String Instrument Accessories,Harp Accessories,Harp Cases,
Arts & Entertainment,Hobbies & Creative Arts,Musical Instrument Accessories,String Instrument Accessories,Harp Accessories,Harp Strings,
Arts & Entertainment,Hobbies & Creative Arts,Musical Instrument Accessories,String Instrument Accessories,String Instrument Care & Cleaning,,
Arts & Entertainment,Hobbies & Creative Arts,Musical Instrument Accessories,String Instrument Accessories,String Instrument Care & Cleaning,Bow Rosin,
Arts & Entertainment,Hobbies & Creative Arts,Musical Instrument Accessories,String Instrument Accessories,String Instrument Care & Cleaning,String Instrument Cleaning Cloths,
Arts & Entertainment,Hobbies & Creative Arts,Musical Instrument Accessories,String Instrument Accessories,String Instrument Care & Cleaning,String Instrument Polish,
Arts & Entertainment,Hobbies & Creative Arts,Musical Instrument Accessories,String Instrument Accessories,Upright Bass Accessories,,
Arts & Entertainment,Hobbies & Creative Arts,Musical Instrument Accessories,String Instrument Accessories,Upright Bass Accessories,Upright Bass Bows,
Arts & Entertainment,Hobbies & Creative Arts,Musical Instrument Accessories,String Instrument Accessories,Upright Bass Accessories,Upright Bass Cases,
Arts & Entertainment,Hobbies & Creative Arts,Musical Instrument Accessories,String Instrument Accessories,Upright Bass Accessories,Upright Bass Mutes,
Arts & Entertainment,Hobbies & Creative Arts,Musical Instrument Accessories,String Instrument Accessories,Upright Bass Accessories,Upright Bass Strings,
Arts & Entertainment,Hobbies & Creative Arts,Musical Instrument Accessories,String Instrument Accessories,Viola Accessories,,
Arts & Entertainment,Hobbies & Creative Arts,Musical Instrument Accessories,String Instrument Accessories,Viola Accessories,Viola Bows,
Arts & Entertainment,Hobbies & Creative Arts,Musical Instrument Accessories,String Instrument Accessories,Viola Accessories,Viola Cases,
Arts & Entertainment,Hobbies & Creative Arts,Musical Instrument Accessories,String Instrument Accessories,Viola Accessories,Viola Mutes,
Arts & Entertainment,Hobbies & Creative Arts,Musical Instrument Accessories,String Instrument Accessories,Viola Accessories,Viola Strings,
Arts & Entertainment,Hobbies & Creative Arts,Musical Instrument Accessories,String Instrument Accessories,Violin Accessories,,
Arts & Entertainment,Hobbies & Creative Arts,Musical Instrument Accessories,String Instrument Accessories,Violin Accessories,Violin & Viola Chinrests,
Arts & Entertainment,Hobbies & Creative Arts,Musical Instrument Accessories,String Instrument Accessories,Violin Accessories,Violin & Viola Shoulder Rests,
Arts & Entertainment,Hobbies & Creative Arts,Musical Instrument Accessories,String Instrument Accessories,Violin Accessories,Violin Bows,
Arts & Entertainment,Hobbies & Creative Arts,Musical Instrument Accessories,String Instrument Accessories,Violin Accessories,Violin Bridges,
Arts & Entertainment,Hobbies & Creative Arts,Musical Instrument Accessories,String Instrument Accessories,Violin Accessories,Violin Cases,
Arts & Entertainment,Hobbies & Creative Arts,Musical Instrument Accessories,String Instrument Accessories,Violin Accessories,Violin Mutes,
Arts & Entertainment,Hobbies & Creative Arts,Musical Instrument Accessories,String Instrument Accessories,Violin Accessories,Violin Strings,
Arts & Entertainment,Hobbies & Creative Arts,Musical Instrument Accessories,String Instrument Accessories,Violin Accessories,Violin Tuning Pegs,
Arts & Entertainment,Hobbies & Creative Arts,Musical Instrument Accessories,Woodwind Instrument Accessories,,,
Arts & Entertainment,Hobbies & Creative Arts,Musical Instrument Accessories,Woodwind Instrument Accessories,Bassoon Accessories,,
Arts & Entertainment,Hobbies & Creative Arts,Musical Instrument Accessories,Woodwind Instrument Accessories,Bassoon Accessories,Bassoon Care & Cleaning,
Arts & Entertainment,Hobbies & Creative Arts,Musical Instrument Accessories,Woodwind Instrument Accessories,Bassoon Accessories,Bassoon Care & Cleaning,Bassoon Swabs
Arts & Entertainment,Hobbies & Creative Arts,Musical Instrument Accessories,Woodwind Instrument Accessories,Bassoon Accessories,Bassoon Cases & Gigbags,
Arts & Entertainment,Hobbies & Creative Arts,Musical Instrument Accessories,Woodwind Instrument Accessories,Bassoon Accessories,Bassoon Parts,
Arts & Entertainment,Hobbies & Creative Arts,Musical Instrument Accessories,Woodwind Instrument Accessories,Bassoon Accessories,Bassoon Parts,Bassoon Bocals
Arts & Entertainment,Hobbies & Creative Arts,Musical Instrument Accessories,Woodwind Instrument Accessories,Bassoon Accessories,Bassoon Parts,Bassoon Small Parts
Arts & Entertainment,Hobbies & Creative Arts,Musical Instrument Accessories,Woodwind Instrument Accessories,Bassoon Accessories,Bassoon Reeds,
Arts & Entertainment,Hobbies & Creative Arts,Musical Instrument Accessories,Woodwind Instrument Accessories,Bassoon Accessories,Bassoon Stands,
Arts & Entertainment,Hobbies & Creative Arts,Musical Instrument Accessories,Woodwind Instrument Accessories,Bassoon Accessories,Bassoon Straps & Supports,
Arts & Entertainment,Hobbies & Creative Arts,Musical Instrument Accessories,Woodwind Instrument Accessories,Clarinet Accessories,,
Arts & Entertainment,Hobbies & Creative Arts,Musical Instrument Accessories,Woodwind Instrument Accessories,Clarinet Accessories,Clarinet Care & Cleaning,
Arts & Entertainment,Hobbies & Creative Arts,Musical Instrument Accessories,Woodwind Instrument Accessories,Clarinet Accessories,Clarinet Care & Cleaning,Clarinet Care Kits
Arts & Entertainment,Hobbies & Creative Arts,Musical Instrument Accessories,Woodwind Instrument Accessories,Clarinet Accessories,Clarinet Care & Cleaning,Clarinet Pad Savers
Arts & Entertainment,Hobbies & Creative Arts,Musical Instrument Accessories,Woodwind Instrument Accessories,Clarinet Accessories,Clarinet Care & Cleaning,Clarinet Swabs
Arts & Entertainment,Hobbies & Creative Arts,Musical Instrument Accessories,Woodwind Instrument Accessories,Clarinet Accessories,Clarinet Cases & Gigbags,
Arts & Entertainment,Hobbies & Creative Arts,Musical Instrument Accessories,Woodwind Instrument Accessories,Clarinet Accessories,Clarinet Ligatures & Caps,
Arts & Entertainment,Hobbies & Creative Arts,Musical Instrument Accessories,Woodwind Instrument Accessories,Clarinet Accessories,Clarinet Lyres,
Arts & Entertainment,Hobbies & Creative Arts,Musical Instrument Accessories,Woodwind Instrument Accessories,Clarinet Accessories,Clarinet Parts,
Arts & Entertainment,Hobbies & Creative Arts,Musical Instrument Accessories,Woodwind Instrument Accessories,Clarinet Accessories,Clarinet Parts,Clarinet Barrels
Arts & Entertainment,Hobbies & Creative Arts,Musical Instrument Accessories,Woodwind Instrument Accessories,Clarinet Accessories,Clarinet Parts,Clarinet Bells
Arts & Entertainment,Hobbies & Creative Arts,Musical Instrument Accessories,Woodwind Instrument Accessories,Clarinet Accessories,Clarinet Parts,Clarinet Mouthpieces
Arts & Entertainment,Hobbies & Creative Arts,Musical Instrument Accessories,Woodwind Instrument Accessories,Clarinet Accessories,Clarinet Parts,Clarinet Small Parts
Arts & Entertainment,Hobbies & Creative Arts,Musical Instrument Accessories,Woodwind Instrument Accessories,Clarinet Accessories,Clarinet Pegs & Stands,
Arts & Entertainment,Hobbies & Creative Arts,Musical Instrument Accessories,Woodwind Instrument Accessories,Clarinet Accessories,Clarinet Reeds,
Arts & Entertainment,Hobbies & Creative Arts,Musical Instrument Accessories,Woodwind Instrument Accessories,Clarinet Accessories,Clarinet Straps & Supports,
Arts & Entertainment,Hobbies & Creative Arts,Musical Instrument Accessories,Woodwind Instrument Accessories,Flute Accessories,,
Arts & Entertainment,Hobbies & Creative Arts,Musical Instrument Accessories,Woodwind Instrument Accessories,Flute Accessories,Flute Care & Cleaning,
Arts & Entertainment,Hobbies & Creative Arts,Musical Instrument Accessories,Woodwind Instrument Accessories,Flute Accessories,Flute Care & Cleaning,Flute Care Kits
Arts & Entertainment,Hobbies & Creative Arts,Musical Instrument Accessories,Woodwind Instrument Accessories,Flute Accessories,Flute Care & Cleaning,Flute Cleaning Rods
Arts & Entertainment,Hobbies & Creative Arts,Musical Instrument Accessories,Woodwind Instrument Accessories,Flute Accessories,Flute Care & Cleaning,Flute Swabs
Arts & Entertainment,Hobbies & Creative Arts,Musical Instrument Accessories,Woodwind Instrument Accessories,Flute Accessories,Flute Cases & Gigbags,
Arts & Entertainment,Hobbies & Creative Arts,Musical Instrument Accessories,Woodwind Instrument Accessories,Flute Accessories,Flute Lyres,
Arts & Entertainment,Hobbies & Creative Arts,Musical Instrument Accessories,Woodwind Instrument Accessories,Flute Accessories,Flute Parts,
Arts & Entertainment,Hobbies & Creative Arts,Musical Instrument Accessories,Woodwind Instrument Accessories,Flute Accessories,Flute Parts,Flute Headjoints
Arts & Entertainment,Hobbies & Creative Arts,Musical Instrument Accessories,Woodwind Instrument Accessories,Flute Accessories,Flute Parts,Flute Small Parts
Arts & Entertainment,Hobbies & Creative Arts,Musical Instrument Accessories,Woodwind Instrument Accessories,Flute Accessories,Flute Pegs & Stands,
Arts & Entertainment,Hobbies & Creative Arts,Musical Instrument Accessories,Woodwind Instrument Accessories,Harmonica Accessories,,
Arts & Entertainment,Hobbies & Creative Arts,Musical Instrument Accessories,Woodwind Instrument Accessories,Harmonica Accessories,Harmonica Cases,
Arts & Entertainment,Hobbies & Creative Arts,Musical Instrument Accessories,Woodwind Instrument Accessories,Harmonica Accessories,Harmonica Holders,
Arts & Entertainment,Hobbies & Creative Arts,Musical Instrument Accessories,Woodwind Instrument Accessories,Oboe Accessories,,
Arts & Entertainment,Hobbies & Creative Arts,Musical Instrument Accessories,Woodwind Instrument Accessories,Oboe Accessories,Oboe Care & Cleaning,
Arts & Entertainment,Hobbies & Creative Arts,Musical Instrument Accessories,Woodwind Instrument Accessories,Oboe Accessories,Oboe Care & Cleaning,Oboe Care Kits
Arts & Entertainment,Hobbies & Creative Arts,Musical Instrument Accessories,Woodwind Instrument Accessories,Oboe Accessories,Oboe Care & Cleaning,Oboe Swabs
Arts & Entertainment,Hobbies & Creative Arts,Musical Instrument Accessories,Woodwind Instrument Accessories,Oboe Accessories,Oboe Cases & Gigbags,
Arts & Entertainment,Hobbies & Creative Arts,Musical Instrument Accessories,Woodwind Instrument Accessories,Oboe Accessories,Oboe Parts,
Arts & Entertainment,Hobbies & Creative Arts,Musical Instrument Accessories,Woodwind Instrument Accessories,Oboe Accessories,Oboe Parts,Oboe Small Parts
Arts & Entertainment,Hobbies & Creative Arts,Musical Instrument Accessories,Woodwind Instrument Accessories,Oboe Accessories,Oboe Pegs & Stands,
Arts & Entertainment,Hobbies & Creative Arts,Musical Instrument Accessories,Woodwind Instrument Accessories,Oboe Accessories,Oboe Reeds,
Arts & Entertainment,Hobbies & Creative Arts,Musical Instrument Accessories,Woodwind Instrument Accessories,Oboe Accessories,Oboe Straps & Supports,
Arts & Entertainment,Hobbies & Creative Arts,Musical Instrument Accessories,Woodwind Instrument Accessories,Saxophone Accessories,,
Arts & Entertainment,Hobbies & Creative Arts,Musical Instrument Accessories,Woodwind Instrument Accessories,Saxophone Accessories,Saxophone Care & Cleaning,
Arts & Entertainment,Hobbies & Creative Arts,Musical Instrument Accessories,Woodwind Instrument Accessories,Saxophone Accessories,Saxophone Care & Cleaning,Saxophone Care Kits
Arts & Entertainment,Hobbies & Creative Arts,Musical Instrument Accessories,Woodwind Instrument Accessories,Saxophone Accessories,Saxophone Care & Cleaning,Saxophone Pad Savers
Arts & Entertainment,Hobbies & Creative Arts,Musical Instrument Accessories,Woodwind Instrument Accessories,Saxophone Accessories,Saxophone Care & Cleaning,Saxophone Swabs
Arts & Entertainment,Hobbies & Creative Arts,Musical Instrument Accessories,Woodwind Instrument Accessories,Saxophone Accessories,Saxophone Cases & Gigbags,
Arts & Entertainment,Hobbies & Creative Arts,Musical Instrument Accessories,Woodwind Instrument Accessories,Saxophone Accessories,Saxophone Ligatures & Caps,
Arts & Entertainment,Hobbies & Creative Arts,Musical Instrument Accessories,Woodwind Instrument Accessories,Saxophone Accessories,Saxophone Lyres,
Arts & Entertainment,Hobbies & Creative Arts,Musical Instrument Accessories,Woodwind Instrument Accessories,Saxophone Accessories,Saxophone Parts,
Arts & Entertainment,Hobbies & Creative Arts,Musical Instrument Accessories,Woodwind Instrument Accessories,Saxophone Accessories,Saxophone Parts,Saxophone Mouthpieces
Arts & Entertainment,Hobbies & Creative Arts,Musical Instrument Accessories,Woodwind Instrument Accessories,Saxophone Accessories,Saxophone Parts,Saxophone Necks
Arts & Entertainment,Hobbies & Creative Arts,Musical Instrument Accessories,Woodwind Instrument Accessories,Saxophone Accessories,Saxophone Parts,Saxophone Small Parts
Arts & Entertainment,Hobbies & Creative Arts,Musical Instrument Accessories,Woodwind Instrument Accessories,Saxophone Accessories,Saxophone Pegs & Stands,
Arts & Entertainment,Hobbies & Creative Arts,Musical Instrument Accessories,Woodwind Instrument Accessories,Saxophone Accessories,Saxophone Reeds,
Arts & Entertainment,Hobbies & Creative Arts,Musical Instrument Accessories,Woodwind Instrument Accessories,Saxophone Accessories,Saxophone Straps & Supports,
Arts & Entertainment,Hobbies & Creative Arts,Musical Instrument Accessories,Woodwind Instrument Accessories,Woodwind Cork Grease,,
Arts & Entertainment,Hobbies & Creative Arts,Musical Instrument Accessories,Woodwind Instrument Accessories,Woodwind Polishing Cloths,,
Arts & Entertainment,Hobbies & Creative Arts,Musical Instrument Accessories,Woodwind Instrument Accessories,Woodwind Reed Cases,,
Arts & Entertainment,Hobbies & Creative Arts,Musical Instrument Accessories,Woodwind Instrument Accessories,Woodwind Reed Knives,,
Arts & Entertainment,Hobbies & Creative Arts,Musical Instruments,,,,
Arts & Entertainment,Hobbies & Creative Arts,Musical Instruments,Accordions & Concertinas,,,
Arts & Entertainment,Hobbies & Creative Arts,Musical Instruments,Bagpipes,,,
Arts & Entertainment,Hobbies & Creative Arts,Musical Instruments,Brass,,,
Arts & Entertainment,Hobbies & Creative Arts,Musical Instruments,Brass,Cornets,,
Arts & Entertainment,Hobbies & Creative Arts,Musical Instruments,Brass,Euphoniums,,
Arts & Entertainment,Hobbies & Creative Arts,Musical Instruments,Brass,Flugel Horns,,
Arts & Entertainment,Hobbies & Creative Arts,Musical Instruments,Brass,French Horns,,
Arts & Entertainment,Hobbies & Creative Arts,Musical Instruments,Brass,Mellophones,,
Arts & Entertainment,Hobbies & Creative Arts,Musical Instruments,Brass,Sousaphones,,
Arts & Entertainment,Hobbies & Creative Arts,Musical Instruments,Brass,Trombones,,
Arts & Entertainment,Hobbies & Creative Arts,Musical Instruments,Brass,Trumpets,,
Arts & Entertainment,Hobbies & Creative Arts,Musical Instruments,Brass,Tubas,,
Arts & Entertainment,Hobbies & Creative Arts,Musical Instruments,Electronic Musical Instruments,,,
Arts & Entertainment,Hobbies & Creative Arts,Musical Instruments,Electronic Musical Instruments,Audio Samplers,,
Arts & Entertainment,Hobbies & Creative Arts,Musical Instruments,Electronic Musical Instruments,MIDI Controllers,,
Arts & Entertainment,Hobbies & Creative Arts,Musical Instruments,Electronic Musical Instruments,Musical Keyboards,,
Arts & Entertainment,Hobbies & Creative Arts,Musical Instruments,Electronic Musical Instruments,Sound Synthesizers,,
Arts & Entertainment,Hobbies & Creative Arts,Musical Instruments,Percussion,,,
Arts & Entertainment,Hobbies & Creative Arts,Musical Instruments,Percussion,Bass Drums,,
Arts & Entertainment,Hobbies & Creative Arts,Musical Instruments,Percussion,Cymbals,,
Arts & Entertainment,Hobbies & Creative Arts,Musical Instruments,Percussion,Drum Kits,,
Arts & Entertainment,Hobbies & Creative Arts,Musical Instruments,Percussion,Electronic Drums,,
Arts & Entertainment,Hobbies & Creative Arts,Musical Instruments,Percussion,Gongs,,
Arts & Entertainment,Hobbies & Creative Arts,Musical Instruments,Percussion,Hi-Hats,,
Arts & Entertainment,Hobbies & Creative Arts,Musical Instruments,Percussion,Snare Drums,,
Arts & Entertainment,Hobbies & Creative Arts,Musical Instruments,Percussion,Tambourines,,
Arts & Entertainment,Hobbies & Creative Arts,Musical Instruments,Percussion,Tom-Toms,,
Arts & Entertainment,Hobbies & Creative Arts,Musical Instruments,Pianos,,,
Arts & Entertainment,Hobbies & Creative Arts,Musical Instruments,String Instruments,,,
Arts & Entertainment,Hobbies & Creative Arts,Musical Instruments,String Instruments,Cellos,,
Arts & Entertainment,Hobbies & Creative Arts,Musical Instruments,String Instruments,Guitars,,
Arts & Entertainment,Hobbies & Creative Arts,Musical Instruments,String Instruments,Guitars,Acoustic Guitars,
Arts & Entertainment,Hobbies & Creative Arts,Musical Instruments,String Instruments,Guitars,Bass Guitars,
Arts & Entertainment,Hobbies & Creative Arts,Musical Instruments,String Instruments,Guitars,Electric Guitars,
Arts & Entertainment,Hobbies & Creative Arts,Musical Instruments,String Instruments,Harps,,
Arts & Entertainment,Hobbies & Creative Arts,Musical Instruments,String Instruments,Upright Basses,,
Arts & Entertainment,Hobbies & Creative Arts,Musical Instruments,String Instruments,Violas,,
Arts & Entertainment,Hobbies & Creative Arts,Musical Instruments,String Instruments,Violins,,
Arts & Entertainment,Hobbies & Creative Arts,Musical Instruments,Woodwinds,,,
Arts & Entertainment,Hobbies & Creative Arts,Musical Instruments,Woodwinds,Bassoons,,
Arts & Entertainment,Hobbies & Creative Arts,Musical Instruments,Woodwinds,Clarinets,,
Arts & Entertainment,Hobbies & Creative Arts,Musical Instruments,Woodwinds,Fifes,,
Arts & Entertainment,Hobbies & Creative Arts,Musical Instruments,Woodwinds,Flutes,,
Arts & Entertainment,Hobbies & Creative Arts,Musical Instruments,Woodwinds,Harmonicas,,
Arts & Entertainment,Hobbies & Creative Arts,Musical Instruments,Woodwinds,Jew's Harps,,
Arts & Entertainment,Hobbies & Creative Arts,Musical Instruments,Woodwinds,Melodicas,,
Arts & Entertainment,Hobbies & Creative Arts,Musical Instruments,Woodwinds,Oboes,,
Arts & Entertainment,Hobbies & Creative Arts,Musical Instruments,Woodwinds,Recorders,,
Arts & Entertainment,Hobbies & Creative Arts,Musical Instruments,Woodwinds,Saxophones,,
Arts & Entertainment,Hobbies & Creative Arts,Musical Instruments,Woodwinds,Tin Whistles,,
Arts & Entertainment,Hobbies & Creative Arts,Musical Instruments,Woodwinds,Train Whistles,,
Arts & Entertainment,Party & Celebration,,,,,
Arts & Entertainment,Party & Celebration,Gift Giving,,,,
Arts & Entertainment,Party & Celebration,Gift Giving,Corsage & Boutonnire Pins,,,
Arts & Entertainment,Party & Celebration,Gift Giving,Corsages & Boutonnires,,,
Arts & Entertainment,Party & Celebration,Gift Giving,Fresh Cut Flowers,,,
Arts & Entertainment,Party & Celebration,Gift Giving,Gift Wrapping,,,
Arts & Entertainment,Party & Celebration,Gift Giving,Gift Wrapping,Bows & Ribbons,,
Arts & Entertainment,Party & Celebration,Gift Giving,Gift Wrapping,Gift Bags,,
Arts & Entertainment,Party & Celebration,Gift Giving,Gift Wrapping,Gift Boxes & Tins,,
Arts & Entertainment,Party & Celebration,Gift Giving,Gift Wrapping,Tissue Paper,,
Arts & Entertainment,Party & Celebration,Gift Giving,Gift Wrapping,Wrapping Paper,,
Arts & Entertainment,Party & Celebration,Gift Giving,Greeting Cards,,,
Arts & Entertainment,Party & Celebration,Party Supplies,,,,
Arts & Entertainment,Party & Celebration,Party Supplies,Balloon Kits,,,
Arts & Entertainment,Party & Celebration,Party Supplies,Balloons,,,
Arts & Entertainment,Party & Celebration,Party Supplies,Banners,,,
Arts & Entertainment,Party & Celebration,Party Supplies,Beverage Tubs,,,
Arts & Entertainment,Party & Celebration,Party Supplies,Birthday Candles,,,
Arts & Entertainment,Party & Celebration,Party Supplies,Cocktail Decorations,,,
Arts & Entertainment,Party & Celebration,Party Supplies,Confetti,,,
Arts & Entertainment,Party & Celebration,Party Supplies,Drinking Games,,,
Arts & Entertainment,Party & Celebration,Party Supplies,Drinking Games,Beer Pong,,
Arts & Entertainment,Party & Celebration,Party Supplies,Drinking Games,Beer Pong,Beer Pong Tables,
Arts & Entertainment,Party & Celebration,Party Supplies,Drinking Straws & Stirrers,,,
Arts & Entertainment,Party & Celebration,Party Supplies,Envelope Seals,,,
Arts & Entertainment,Party & Celebration,Party Supplies,Invitations,,,
Arts & Entertainment,Party & Celebration,Party Supplies,Invitations,Birthday Invitations,,
Arts & Entertainment,Party & Celebration,Party Supplies,Invitations,Wedding Invitations,,
Arts & Entertainment,Party & Celebration,Party Supplies,Noisemakers & Party Blowers,,,
Arts & Entertainment,Party & Celebration,Party Supplies,Party Favors,,,
Arts & Entertainment,Party & Celebration,Party Supplies,Party Favors,Wedding Favors,,
Arts & Entertainment,Party & Celebration,Party Supplies,Party Hats,,,
Arts & Entertainment,Party & Celebration,Party Supplies,Piatas,,,
Arts & Entertainment,Party & Celebration,Party Supplies,Place Card Holders,,,
Arts & Entertainment,Party & Celebration,Party Supplies,Place Cards,,,
Arts & Entertainment,Party & Celebration,Party Supplies,Response Cards,,,
Arts & Entertainment,Party & Celebration,Party Supplies,Response Cards,Wedding Response Cards,,
Arts & Entertainment,Party & Celebration,Party Supplies,Sparklers,,,
Arts & Entertainment,Party & Celebration,Party Supplies,Spray String,,,
Arts & Entertainment,Party & Celebration,Party Supplies,Streamers,,,
Arts & Entertainment,Party & Celebration,Special Effects,,,,
Arts & Entertainment,Party & Celebration,Special Effects,Disco Balls,,,
Arts & Entertainment,Party & Celebration,Special Effects,Fog Machines,,,
Arts & Entertainment,Party & Celebration,Special Effects,Special Effects Controllers,,,
Arts & Entertainment,Party & Celebration,Special Effects,Special Effects Lighting,,,
Arts & Entertainment,Party & Celebration,Trophies & Awards,,,,